delivery_id,order_id,delivery_person_id,delivery_status,distance,delivery_time,estimated_time,delivery_fee,vehicle_type,delay_minutes,sla_breach_flag,distance_tier
1,1418,104,On the way,40.64,34,58,41.05,Electric Bike,0,Within SLA,Long Distance
2,713,400,Delivered,16.53,18,58,9.25,Bike,0,Within SLA,Medium Distance
3,264,314,Cancelled,9.98,37,65,13.59,Electric Scooter,0,Within SLA,Medium Distance
4,1015,498,Delivered,30.36,27,69,40.05,Electric Bike,0,Within SLA,Long Distance
5,1198,45,Cancelled,35.15,26,32,7.75,Electric Scooter,0,Within SLA,Long Distance
6,956,297,Cancelled,7.85,27,59,38.03,Moped,0,Within SLA,Medium Distance
7,791,498,On the way,21.11,19,48,35.76,Electric Bike,0,Within SLA,Long Distance
8,921,471,Delivered,5.09,47,35,28.79,Bike,12,Breached,Medium Distance
9,1044,159,On the way,12.47,48,24,36.12,Electric Bike,24,Breached,Medium Distance
10,1328,498,Cancelled,46.58,24,68,36.82,Electric Scooter,0,Within SLA,Long Distance
11,664,53,On the way,46.08,43,67,19.43,Moped,0,Within SLA,Long Distance
12,415,106,Delivered,47.18,33,47,40.21,Moped,0,Within SLA,Long Distance
13,606,334,Pending,40.91,45,33,22.76,Electric Bike,12,Breached,Long Distance
14,1442,295,On the way,44.89,37,26,33.99,Scooter,11,Breached,Long Distance
15,1007,354,Delivered,29.95,22,21,21.56,Scooter,1,Within SLA,Long Distance
16,532,382,Cancelled,48.3,28,38,0.46,Scooter,0,Within SLA,Long Distance
17,1485,185,Pending,19.32,20,26,39.66,Scooter,0,Within SLA,Medium Distance
18,1453,150,On the way,30.36,16,26,12.82,Bike,0,Within SLA,Long Distance
19,1058,354,Delivered,38.15,29,49,47.24,Electric Scooter,0,Within SLA,Long Distance
20,1378,42,Pending,40.81,28,56,18.95,Motorcycle,0,Within SLA,Long Distance
21,804,431,Delivered,11.45,40,52,17.93,Scooter,0,Within SLA,Medium Distance
22,60,413,On the way,43.48,17,38,48.89,Bike,0,Within SLA,Long Distance
23,1475,307,Delivered,32.37,23,55,44.35,Moped,0,Within SLA,Long Distance
24,414,303,Cancelled,47.19,41,54,29.48,Moped,0,Within SLA,Long Distance
25,1165,458,Delivered,6.63,32,23,36.3,Moped,9,Breached,Medium Distance
26,981,357,Delivered,19.4,36,67,41.74,Electric Bike,0,Within SLA,Medium Distance
27,628,232,Pending,37.76,54,38,37.5,Bike,16,Breached,Long Distance
28,320,471,On the way,25.11,26,22,28.2,Electric Scooter,4,Within SLA,Long Distance
29,440,207,Pending,40.01,50,39,45.67,Electric Bike,11,Breached,Long Distance
30,706,407,Cancelled,11.91,43,55,6.82,Moped,0,Within SLA,Medium Distance
31,1426,209,Cancelled,3.31,28,23,18.64,Electric Scooter,5,Within SLA,Short Distance
32,604,203,On the way,43.81,26,20,36.09,Scooter,6,Breached,Long Distance
33,1295,46,Delivered,27.25,45,35,31.36,Moped,10,Breached,Long Distance
34,1107,316,Pending,29.76,24,43,5.77,Electric Bike,0,Within SLA,Long Distance
35,1092,317,Pending,29.85,34,26,15.2,Electric Scooter,8,Breached,Long Distance
36,958,321,Pending,6.58,19,60,7.76,Motorcycle,0,Within SLA,Medium Distance
37,1347,141,On the way,40.61,23,40,9.68,Bike,0,Within SLA,Long Distance
38,150,339,Cancelled,2.25,34,52,24.48,Electric Scooter,0,Within SLA,Short Distance
39,1284,492,Pending,23.65,27,62,31.16,Moped,0,Within SLA,Long Distance
40,1272,315,On the way,22.68,44,42,22.49,Motorcycle,2,Within SLA,Long Distance
41,12,325,Pending,17.74,54,25,11.11,Scooter,29,Breached,Medium Distance
42,319,40,On the way,49.75,32,34,3.39,Moped,0,Within SLA,Long Distance
43,486,125,Delivered,18.21,15,66,19.87,Electric Bike,0,Within SLA,Medium Distance
44,958,324,Cancelled,35.55,52,34,29.24,Moped,18,Breached,Long Distance
45,918,469,Cancelled,41.55,57,25,22.74,Electric Bike,32,Breached,Long Distance
46,1233,341,Pending,22.3,55,53,6.31,Bike,2,Within SLA,Long Distance
47,1154,345,Cancelled,24.01,26,64,4.23,Scooter,0,Within SLA,Long Distance
48,911,394,On the way,24.27,47,37,4.8,Electric Bike,10,Breached,Long Distance
49,288,419,Pending,38.33,38,28,25.43,Electric Scooter,10,Breached,Long Distance
50,1102,88,Delivered,37.41,30,69,45.47,Moped,0,Within SLA,Long Distance
51,159,320,Cancelled,46,45,50,25.57,Bike,0,Within SLA,Long Distance
52,514,194,Delivered,26.82,49,32,37.07,Electric Scooter,17,Breached,Long Distance
53,876,334,Cancelled,24.55,28,36,16.35,Scooter,0,Within SLA,Long Distance
54,1172,152,Delivered,6,60,22,33.36,Electric Scooter,38,Breached,Medium Distance
55,1068,5,Cancelled,28.33,34,64,47.77,Motorcycle,0,Within SLA,Long Distance
56,54,380,Delivered,29.36,18,30,14.97,Bike,0,Within SLA,Long Distance
57,677,248,Delivered,28.65,53,48,21.35,Scooter,5,Within SLA,Long Distance
58,330,432,Pending,32.32,35,28,40.69,Electric Bike,7,Breached,Long Distance
59,1217,68,Pending,8.43,43,55,18.68,Electric Scooter,0,Within SLA,Medium Distance
60,739,110,Cancelled,31.09,47,44,2.28,Moped,3,Within SLA,Long Distance
61,584,276,On the way,46.13,29,31,6.94,Scooter,0,Within SLA,Long Distance
62,101,393,Pending,35.95,30,53,48.64,Electric Bike,0,Within SLA,Long Distance
63,528,369,Cancelled,12.47,53,24,37.18,Motorcycle,29,Breached,Medium Distance
64,625,473,On the way,33.56,45,20,20.56,Motorcycle,25,Breached,Long Distance
65,947,222,On the way,20.07,55,55,7.16,Electric Scooter,0,Within SLA,Long Distance
66,22,409,Cancelled,2.54,51,24,12.09,Bike,27,Breached,Short Distance
67,490,225,Pending,15.72,26,39,0.04,Moped,0,Within SLA,Medium Distance
68,838,341,Cancelled,35.39,23,46,9.61,Scooter,0,Within SLA,Long Distance
69,421,282,Cancelled,4.76,33,55,11.92,Electric Scooter,0,Within SLA,Short Distance
70,631,261,Cancelled,2.88,17,56,0.88,Electric Bike,0,Within SLA,Short Distance
71,1328,472,Cancelled,39.98,44,59,28.51,Electric Scooter,0,Within SLA,Long Distance
72,863,7,On the way,42.05,58,45,36.79,Bike,13,Breached,Long Distance
73,412,421,Pending,41.15,46,59,42.53,Bike,0,Within SLA,Long Distance
74,460,384,On the way,43.08,30,38,39.48,Scooter,0,Within SLA,Long Distance
75,1439,348,On the way,20.02,48,37,21.54,Electric Scooter,11,Breached,Long Distance
76,458,215,Cancelled,41.28,25,66,0.86,Motorcycle,0,Within SLA,Long Distance
77,862,173,Cancelled,46.31,36,57,49.18,Moped,0,Within SLA,Long Distance
78,699,137,On the way,13.57,19,26,2.86,Bike,0,Within SLA,Medium Distance
79,339,38,Cancelled,43.12,15,26,46.74,Scooter,0,Within SLA,Long Distance
80,1367,287,On the way,42.45,34,29,22.5,Motorcycle,5,Within SLA,Long Distance
81,1060,311,Delivered,42.57,16,45,33.55,Scooter,0,Within SLA,Long Distance
82,366,60,Pending,38.16,37,31,13.8,Electric Bike,6,Breached,Long Distance
83,157,71,On the way,26.36,60,60,8.15,Electric Scooter,0,Within SLA,Long Distance
84,484,91,Pending,17.31,53,63,10.72,Motorcycle,0,Within SLA,Medium Distance
85,637,201,On the way,3.77,28,22,19.74,Electric Bike,6,Breached,Short Distance
86,1486,169,Pending,3.05,60,28,49.03,Motorcycle,32,Breached,Short Distance
87,658,330,On the way,45.11,38,32,9.9,Moped,6,Breached,Long Distance
88,1130,77,Delivered,7.86,53,37,30.71,Scooter,16,Breached,Medium Distance
89,1092,410,Pending,28.58,44,53,35.39,Electric Scooter,0,Within SLA,Long Distance
90,1415,454,Cancelled,42.6,40,44,42.17,Bike,0,Within SLA,Long Distance
91,85,312,On the way,29.59,37,66,5.5,Scooter,0,Within SLA,Long Distance
92,389,492,Delivered,21.17,47,26,39.86,Scooter,21,Breached,Long Distance
93,1374,165,On the way,14.26,38,33,9.7,Scooter,5,Within SLA,Medium Distance
94,764,41,Pending,16.38,60,28,1.64,Motorcycle,32,Breached,Medium Distance
95,1128,205,On the way,31.05,46,61,4.23,Electric Scooter,0,Within SLA,Long Distance
96,69,412,Delivered,2.66,19,63,23.64,Electric Scooter,0,Within SLA,Short Distance
97,763,479,On the way,49.08,44,53,25.86,Motorcycle,0,Within SLA,Long Distance
98,1039,42,On the way,13.07,28,48,46.47,Bike,0,Within SLA,Medium Distance
99,1060,218,On the way,28.83,44,30,45.82,Bike,14,Breached,Long Distance
100,565,396,On the way,20.44,49,45,44.14,Scooter,4,Within SLA,Long Distance
101,471,264,Cancelled,7.34,41,34,4.22,Bike,7,Breached,Medium Distance
102,1058,89,On the way,31,48,60,13.22,Scooter,0,Within SLA,Long Distance
103,108,223,Delivered,47.18,48,21,18.78,Scooter,27,Breached,Long Distance
104,395,80,Delivered,43.05,21,27,16.53,Bike,0,Within SLA,Long Distance
105,342,329,Pending,20.66,43,35,35.07,Electric Bike,8,Breached,Long Distance
106,1199,231,Pending,21.64,52,59,33.12,Scooter,0,Within SLA,Long Distance
107,795,44,Delivered,24.14,55,54,8.43,Electric Scooter,1,Within SLA,Long Distance
108,1364,360,Pending,8.74,43,49,33.86,Motorcycle,0,Within SLA,Medium Distance
109,1166,123,Cancelled,19.14,17,55,18.14,Electric Scooter,0,Within SLA,Medium Distance
110,949,196,On the way,45.82,58,55,6.98,Motorcycle,3,Within SLA,Long Distance
111,250,18,Delivered,39.51,53,40,30.2,Scooter,13,Breached,Long Distance
112,988,388,Pending,1.63,54,60,12.55,Electric Scooter,0,Within SLA,Short Distance
113,244,33,Delivered,18.7,32,24,43.46,Bike,8,Breached,Medium Distance
114,167,125,On the way,25.32,20,38,28.55,Motorcycle,0,Within SLA,Long Distance
115,1466,199,Cancelled,32.27,50,26,32.19,Moped,24,Breached,Long Distance
116,997,451,Pending,45.87,52,36,23.95,Scooter,16,Breached,Long Distance
117,17,120,Cancelled,16.35,25,46,4.07,Motorcycle,0,Within SLA,Medium Distance
118,1079,108,Delivered,35.87,48,51,22.34,Electric Bike,0,Within SLA,Long Distance
119,395,468,Delivered,20.14,16,65,7.73,Electric Scooter,0,Within SLA,Long Distance
120,281,463,Delivered,44.11,22,32,19.57,Electric Bike,0,Within SLA,Long Distance
121,1344,274,Cancelled,11.62,17,56,29.28,Electric Bike,0,Within SLA,Medium Distance
122,908,53,On the way,6.73,28,30,9.93,Scooter,0,Within SLA,Medium Distance
123,885,69,Pending,23.4,45,34,3.51,Scooter,11,Breached,Long Distance
124,421,159,Pending,36.46,36,27,17.56,Moped,9,Breached,Long Distance
125,733,188,Cancelled,2.57,50,34,24.98,Electric Bike,16,Breached,Short Distance
126,230,254,Cancelled,17.95,25,34,26.26,Scooter,0,Within SLA,Medium Distance
127,681,464,Cancelled,18.83,31,45,3.4,Scooter,0,Within SLA,Medium Distance
128,354,333,Delivered,42,28,31,43.38,Electric Bike,0,Within SLA,Long Distance
129,1131,101,Delivered,31.92,23,22,47.13,Electric Bike,1,Within SLA,Long Distance
130,1181,348,Cancelled,37.33,24,57,12.66,Electric Scooter,0,Within SLA,Long Distance
131,1481,257,Delivered,8.06,50,62,42.75,Electric Scooter,0,Within SLA,Medium Distance
132,1108,70,Delivered,11.01,30,30,1.09,Scooter,0,Within SLA,Medium Distance
133,1177,212,Delivered,33.61,23,30,41.55,Electric Bike,0,Within SLA,Long Distance
134,415,39,On the way,28.62,37,64,17.37,Scooter,0,Within SLA,Long Distance
135,804,357,On the way,13.36,17,24,23.09,Moped,0,Within SLA,Medium Distance
136,1078,398,Cancelled,33.8,18,32,34.02,Scooter,0,Within SLA,Long Distance
137,323,335,Delivered,43.63,40,34,48.6,Electric Scooter,6,Breached,Long Distance
138,85,388,Cancelled,23.45,40,66,21.09,Scooter,0,Within SLA,Long Distance
139,670,244,Cancelled,49.78,38,51,31.4,Moped,0,Within SLA,Long Distance
140,658,72,Pending,41.53,21,38,9.53,Moped,0,Within SLA,Long Distance
141,186,238,Cancelled,35.73,35,34,16.79,Scooter,1,Within SLA,Long Distance
142,1179,221,Cancelled,44.58,48,49,19.22,Scooter,0,Within SLA,Long Distance
143,158,105,On the way,47.61,43,54,5.62,Bike,0,Within SLA,Long Distance
144,1229,338,Delivered,3.95,37,25,45.93,Bike,12,Breached,Short Distance
145,1156,424,Pending,47.62,59,44,3.16,Scooter,15,Breached,Long Distance
146,420,112,On the way,31.56,23,47,26.47,Motorcycle,0,Within SLA,Long Distance
147,995,101,Cancelled,23.98,55,70,22.67,Bike,0,Within SLA,Long Distance
148,1448,34,Delivered,48.67,42,61,43.64,Electric Bike,0,Within SLA,Long Distance
149,1223,233,Delivered,6.93,24,30,24.64,Electric Bike,0,Within SLA,Medium Distance
150,318,391,Delivered,41.42,33,49,33.81,Scooter,0,Within SLA,Long Distance
151,620,427,Delivered,2.19,24,23,19.87,Scooter,1,Within SLA,Short Distance
152,642,283,Pending,32.17,36,50,47.01,Electric Scooter,0,Within SLA,Long Distance
153,1476,431,Pending,20,30,30,27.29,Motorcycle,0,Within SLA,Long Distance
154,1429,73,On the way,22.72,37,23,19.61,Bike,14,Breached,Long Distance
155,1419,168,Delivered,25.76,52,20,39.18,Electric Bike,32,Breached,Long Distance
156,283,444,Cancelled,43.48,57,31,16.19,Electric Bike,26,Breached,Long Distance
157,284,471,Cancelled,41.24,52,69,13.06,Motorcycle,0,Within SLA,Long Distance
158,56,470,Cancelled,37.62,43,30,31.09,Electric Bike,13,Breached,Long Distance
159,36,355,Cancelled,28.6,21,39,0.79,Scooter,0,Within SLA,Long Distance
160,612,108,Delivered,40.19,58,54,3.86,Moped,4,Within SLA,Long Distance
161,183,17,Cancelled,3.16,33,64,4.29,Motorcycle,0,Within SLA,Short Distance
162,460,448,Pending,19.35,42,31,40.21,Scooter,11,Breached,Medium Distance
163,805,84,Pending,15.03,59,63,9.3,Electric Scooter,0,Within SLA,Medium Distance
164,858,44,On the way,21.8,58,47,27.45,Motorcycle,11,Breached,Long Distance
165,564,165,On the way,4.95,34,29,6.7,Electric Bike,5,Within SLA,Short Distance
166,224,379,On the way,37.43,22,57,16.94,Bike,0,Within SLA,Long Distance
167,1448,403,On the way,10.38,45,20,15.26,Electric Scooter,25,Breached,Medium Distance
168,517,186,Pending,27.68,42,21,8.63,Electric Bike,21,Breached,Long Distance
169,1403,85,On the way,15.9,40,68,21.51,Electric Scooter,0,Within SLA,Medium Distance
170,170,453,Cancelled,44.52,36,30,9.15,Scooter,6,Breached,Long Distance
171,1017,130,Pending,48.08,17,39,10.63,Motorcycle,0,Within SLA,Long Distance
172,482,329,Delivered,1.58,32,59,6.38,Electric Scooter,0,Within SLA,Short Distance
173,1395,112,On the way,8.52,48,44,30.44,Moped,4,Within SLA,Medium Distance
174,1186,6,Cancelled,21.01,20,27,16.49,Bike,0,Within SLA,Long Distance
175,31,249,On the way,19.43,36,31,27.32,Electric Bike,5,Within SLA,Medium Distance
176,1085,475,Cancelled,7.76,43,40,27.19,Electric Bike,3,Within SLA,Medium Distance
177,841,205,Cancelled,25.32,48,43,0.1,Moped,5,Within SLA,Long Distance
178,528,352,Pending,7.76,52,54,23.34,Scooter,0,Within SLA,Medium Distance
179,841,457,On the way,21.39,26,25,40.57,Electric Scooter,1,Within SLA,Long Distance
180,166,491,Delivered,48.05,56,55,26.55,Scooter,1,Within SLA,Long Distance
181,1489,471,Cancelled,47.14,44,48,26.49,Moped,0,Within SLA,Long Distance
182,977,301,Cancelled,29.87,15,34,41.7,Electric Bike,0,Within SLA,Long Distance
183,507,113,On the way,37.28,58,42,14.67,Bike,16,Breached,Long Distance
184,1151,426,Delivered,35.2,39,20,35.24,Motorcycle,19,Breached,Long Distance
185,1165,175,Delivered,19.95,55,24,44.93,Bike,31,Breached,Medium Distance
186,1456,220,On the way,6.72,58,55,31.45,Motorcycle,3,Within SLA,Medium Distance
187,1349,497,Cancelled,13.67,17,44,38.97,Electric Scooter,0,Within SLA,Medium Distance
188,1200,347,Pending,14.29,21,58,12.13,Bike,0,Within SLA,Medium Distance
189,126,7,On the way,13.86,48,39,21.29,Motorcycle,9,Breached,Medium Distance
190,705,48,On the way,10.02,35,27,46.93,Scooter,8,Breached,Medium Distance
191,1228,101,On the way,6.8,15,25,22.8,Motorcycle,0,Within SLA,Medium Distance
192,1089,199,Pending,34.81,45,44,14.84,Bike,1,Within SLA,Long Distance
193,960,322,Cancelled,19.97,28,66,43.46,Electric Bike,0,Within SLA,Medium Distance
194,799,74,On the way,47.49,48,22,13.37,Electric Bike,26,Breached,Long Distance
195,792,395,Delivered,26.34,15,68,11.5,Electric Bike,0,Within SLA,Long Distance
196,343,273,Delivered,20.04,32,60,26.81,Electric Bike,0,Within SLA,Long Distance
197,889,42,Delivered,6.76,15,57,28.38,Motorcycle,0,Within SLA,Medium Distance
198,316,45,On the way,19.4,54,24,10.73,Electric Scooter,30,Breached,Medium Distance
199,1181,127,Cancelled,14.82,45,59,1.71,Scooter,0,Within SLA,Medium Distance
200,541,79,On the way,10.12,40,38,6.96,Scooter,2,Within SLA,Medium Distance
201,476,339,Delivered,40.44,50,37,18.28,Electric Bike,13,Breached,Long Distance
202,1293,257,Delivered,29.15,17,39,7.95,Electric Scooter,0,Within SLA,Long Distance
203,1018,295,Pending,11.63,30,38,23.1,Motorcycle,0,Within SLA,Medium Distance
204,696,135,On the way,35.5,33,39,7.17,Electric Scooter,0,Within SLA,Long Distance
205,981,109,Cancelled,45.09,53,27,6.21,Electric Bike,26,Breached,Long Distance
206,580,222,Cancelled,41.06,19,32,48.58,Moped,0,Within SLA,Long Distance
207,1176,294,Pending,14.05,56,24,48.15,Moped,32,Breached,Medium Distance
208,1016,7,Cancelled,9.33,19,49,8.78,Electric Scooter,0,Within SLA,Medium Distance
209,2,378,Pending,17.21,50,54,32.94,Motorcycle,0,Within SLA,Medium Distance
210,804,214,Cancelled,38.42,50,25,20.81,Electric Bike,25,Breached,Long Distance
211,407,269,On the way,42.8,42,47,14.51,Electric Scooter,0,Within SLA,Long Distance
212,1368,154,Cancelled,9.4,45,70,13.89,Moped,0,Within SLA,Medium Distance
213,861,207,Delivered,5.61,19,60,48.15,Electric Bike,0,Within SLA,Medium Distance
214,670,205,Delivered,6.99,53,57,18.91,Moped,0,Within SLA,Medium Distance
215,781,167,On the way,9.67,54,24,36.67,Motorcycle,30,Breached,Medium Distance
216,1044,391,Pending,14.35,29,31,47.44,Bike,0,Within SLA,Medium Distance
217,1006,59,Pending,22.66,43,68,47.32,Electric Bike,0,Within SLA,Long Distance
218,400,101,Delivered,44.84,27,51,41.87,Electric Scooter,0,Within SLA,Long Distance
219,329,301,Cancelled,48.98,50,60,22.79,Moped,0,Within SLA,Long Distance
220,922,437,Pending,3.97,27,41,23.3,Electric Scooter,0,Within SLA,Short Distance
221,356,194,Cancelled,4.36,45,58,15.61,Motorcycle,0,Within SLA,Short Distance
222,691,412,On the way,24.95,52,44,43.07,Electric Scooter,8,Breached,Long Distance
223,1162,327,On the way,41.85,15,32,39.21,Motorcycle,0,Within SLA,Long Distance
224,1486,70,Delivered,38.7,43,40,11.09,Electric Bike,3,Within SLA,Long Distance
225,928,67,Delivered,35.68,41,50,34.02,Moped,0,Within SLA,Long Distance
226,1335,269,On the way,36.47,36,35,31.11,Motorcycle,1,Within SLA,Long Distance
227,891,185,Delivered,30.56,40,22,15.9,Electric Scooter,18,Breached,Long Distance
228,201,296,Pending,6.58,19,62,43.83,Scooter,0,Within SLA,Medium Distance
229,474,169,Pending,38.19,54,36,35.07,Moped,18,Breached,Long Distance
230,899,325,Delivered,9.56,44,60,13.69,Scooter,0,Within SLA,Medium Distance
231,1092,178,Pending,12.16,17,48,32.76,Motorcycle,0,Within SLA,Medium Distance
232,1491,86,Pending,7.58,27,45,29.83,Scooter,0,Within SLA,Medium Distance
233,829,92,On the way,10.8,33,44,33.32,Electric Scooter,0,Within SLA,Medium Distance
234,286,326,Pending,46.32,60,22,47.14,Bike,38,Breached,Long Distance
235,25,71,Pending,16.7,59,28,17.93,Bike,31,Breached,Medium Distance
236,468,416,Cancelled,24,16,34,36.88,Moped,0,Within SLA,Long Distance
237,1465,425,Pending,43.22,42,57,35,Scooter,0,Within SLA,Long Distance
238,673,293,Pending,8.25,39,32,47.57,Bike,7,Breached,Medium Distance
239,352,349,Pending,6.26,37,44,8.09,Motorcycle,0,Within SLA,Medium Distance
240,469,410,Delivered,6.9,46,48,32.11,Scooter,0,Within SLA,Medium Distance
241,1294,152,On the way,46.37,45,28,22.4,Electric Bike,17,Breached,Long Distance
242,136,218,Pending,16.23,52,59,17.71,Electric Bike,0,Within SLA,Medium Distance
243,162,493,Delivered,6.81,17,40,34.3,Electric Bike,0,Within SLA,Medium Distance
244,338,65,On the way,25.44,23,48,32.2,Motorcycle,0,Within SLA,Long Distance
245,316,263,Pending,17.96,15,29,30.77,Moped,0,Within SLA,Medium Distance
246,252,215,Cancelled,49.91,49,61,30.22,Motorcycle,0,Within SLA,Long Distance
247,1175,56,Cancelled,46.17,48,21,41.23,Bike,27,Breached,Long Distance
248,1336,401,Pending,19.71,22,69,37.83,Bike,0,Within SLA,Medium Distance
249,364,93,Delivered,31.98,32,64,0.06,Moped,0,Within SLA,Long Distance
250,214,134,Cancelled,47.42,24,64,27.79,Electric Scooter,0,Within SLA,Long Distance
251,283,139,Cancelled,25.2,44,22,16.59,Scooter,22,Breached,Long Distance
252,1188,483,Delivered,33.94,48,21,25.66,Electric Bike,27,Breached,Long Distance
253,190,183,On the way,12.91,22,37,32.87,Bike,0,Within SLA,Medium Distance
254,404,385,Cancelled,17.38,36,27,46.62,Electric Scooter,9,Breached,Medium Distance
255,524,50,On the way,26.99,25,51,48.72,Bike,0,Within SLA,Long Distance
256,798,111,Delivered,35.04,52,41,45.03,Electric Bike,11,Breached,Long Distance
257,1208,288,Pending,24.93,29,43,37.09,Motorcycle,0,Within SLA,Long Distance
258,89,100,Pending,14.49,28,47,41.04,Moped,0,Within SLA,Medium Distance
259,370,303,On the way,4.15,20,51,31.34,Electric Bike,0,Within SLA,Short Distance
260,198,53,On the way,38.27,53,59,33.61,Moped,0,Within SLA,Long Distance
261,864,375,Pending,21.26,45,20,7.25,Electric Bike,25,Breached,Long Distance
262,49,277,Cancelled,30.18,49,59,0.1,Scooter,0,Within SLA,Long Distance
263,725,218,Delivered,41.88,17,24,38.79,Electric Bike,0,Within SLA,Long Distance
264,1349,474,Cancelled,25.92,38,51,21.2,Bike,0,Within SLA,Long Distance
265,615,336,Delivered,33.7,33,39,49.73,Electric Bike,0,Within SLA,Long Distance
266,1218,262,Pending,30.51,17,36,8.16,Scooter,0,Within SLA,Long Distance
267,1258,483,Delivered,8.73,33,42,32.75,Moped,0,Within SLA,Medium Distance
268,231,183,On the way,24.24,46,61,41.38,Electric Bike,0,Within SLA,Long Distance
269,951,380,Pending,18.48,47,52,39.48,Moped,0,Within SLA,Medium Distance
270,1467,40,Pending,19.1,54,60,6.92,Electric Scooter,0,Within SLA,Medium Distance
271,559,98,Delivered,25.82,25,57,33.96,Electric Bike,0,Within SLA,Long Distance
272,1240,475,Delivered,33.5,16,30,34.41,Scooter,0,Within SLA,Long Distance
273,650,230,Cancelled,27.18,47,57,38.11,Scooter,0,Within SLA,Long Distance
274,1155,39,Cancelled,24.15,26,45,15.67,Scooter,0,Within SLA,Long Distance
275,8,415,Pending,7.45,56,48,33.92,Scooter,8,Breached,Medium Distance
276,1023,186,Pending,32.84,45,61,33.08,Moped,0,Within SLA,Long Distance
277,716,426,Cancelled,49.71,57,38,16.14,Bike,19,Breached,Long Distance
278,488,224,Cancelled,23.23,36,57,21.65,Motorcycle,0,Within SLA,Long Distance
279,94,19,Delivered,23.03,16,40,26.42,Bike,0,Within SLA,Long Distance
280,1432,391,On the way,14.69,33,25,49.67,Bike,8,Breached,Medium Distance
281,299,136,Cancelled,14.24,23,44,45.34,Electric Scooter,0,Within SLA,Medium Distance
282,225,168,Delivered,11.17,25,38,1.28,Scooter,0,Within SLA,Medium Distance
283,1416,441,Cancelled,32.51,19,50,32.39,Motorcycle,0,Within SLA,Long Distance
284,201,291,Pending,16.01,23,54,36.66,Motorcycle,0,Within SLA,Medium Distance
285,570,2,On the way,11.03,51,49,34.66,Moped,2,Within SLA,Medium Distance
286,1354,498,Cancelled,21.2,59,41,35.94,Bike,18,Breached,Long Distance
287,1204,137,Cancelled,11.26,18,65,22.87,Scooter,0,Within SLA,Medium Distance
288,1020,124,Pending,45.57,16,22,15.29,Motorcycle,0,Within SLA,Long Distance
289,100,200,On the way,49.04,50,60,0,Bike,0,Within SLA,Long Distance
290,966,490,Cancelled,40.26,40,67,14.2,Motorcycle,0,Within SLA,Long Distance
291,1043,476,Delivered,43.44,27,43,38.25,Electric Scooter,0,Within SLA,Long Distance
292,295,311,Cancelled,22.65,22,33,34.56,Scooter,0,Within SLA,Long Distance
293,126,388,Pending,42.76,15,34,38.24,Motorcycle,0,Within SLA,Long Distance
294,1280,258,Pending,45.96,31,36,9.83,Electric Bike,0,Within SLA,Long Distance
295,116,289,Pending,14.19,29,58,30.79,Electric Scooter,0,Within SLA,Medium Distance
296,1437,417,Delivered,4.69,17,53,46.89,Motorcycle,0,Within SLA,Short Distance
297,510,25,Pending,24.74,48,59,2.97,Bike,0,Within SLA,Long Distance
298,57,50,Pending,15.16,58,61,25.08,Moped,0,Within SLA,Medium Distance
299,903,357,On the way,47.33,44,60,41.94,Motorcycle,0,Within SLA,Long Distance
300,461,279,Pending,7.49,27,37,36,Electric Bike,0,Within SLA,Medium Distance
301,1069,364,Cancelled,36.29,57,53,26.76,Scooter,4,Within SLA,Long Distance
302,1134,216,Delivered,4.41,56,20,13.68,Electric Scooter,36,Breached,Short Distance
303,699,422,On the way,4.33,25,54,8.51,Electric Scooter,0,Within SLA,Short Distance
304,47,480,Cancelled,38.09,57,61,31.78,Electric Bike,0,Within SLA,Long Distance
305,1287,116,Pending,28.79,30,34,48.66,Bike,0,Within SLA,Long Distance
306,791,269,On the way,5.49,46,65,46.29,Electric Scooter,0,Within SLA,Medium Distance
307,209,494,Cancelled,9.92,16,64,0.13,Electric Scooter,0,Within SLA,Medium Distance
308,766,24,On the way,9.38,30,56,21.24,Electric Bike,0,Within SLA,Medium Distance
309,1122,411,Cancelled,8.47,16,36,18.41,Electric Scooter,0,Within SLA,Medium Distance
310,1249,373,Cancelled,33.01,46,36,42.48,Scooter,10,Breached,Long Distance
311,312,268,On the way,44.14,30,59,15.32,Electric Scooter,0,Within SLA,Long Distance
312,637,462,Pending,19.46,45,28,36.16,Motorcycle,17,Breached,Medium Distance
313,94,10,Cancelled,22.06,33,22,44.19,Electric Scooter,11,Breached,Long Distance
314,889,323,Pending,19.27,22,45,2.66,Moped,0,Within SLA,Medium Distance
315,719,389,Cancelled,46.41,42,33,18.65,Scooter,9,Breached,Long Distance
316,386,378,Cancelled,5.63,32,65,30.22,Bike,0,Within SLA,Medium Distance
317,1263,417,Delivered,21.69,43,58,4.85,Scooter,0,Within SLA,Long Distance
318,171,105,Delivered,43.38,27,68,6.01,Electric Bike,0,Within SLA,Long Distance
319,1005,251,Pending,33,43,60,49.51,Electric Bike,0,Within SLA,Long Distance
320,1106,118,Pending,27.53,32,62,28.83,Electric Scooter,0,Within SLA,Long Distance
321,352,470,Cancelled,3.78,58,47,21.08,Motorcycle,11,Breached,Short Distance
322,379,326,Delivered,4.67,52,38,49.61,Moped,14,Breached,Short Distance
323,1369,338,On the way,14.5,51,54,48.4,Moped,0,Within SLA,Medium Distance
324,1063,187,Cancelled,24.77,35,44,22.73,Electric Scooter,0,Within SLA,Long Distance
325,279,358,Delivered,24.9,25,42,37.6,Bike,0,Within SLA,Long Distance
326,195,459,Pending,1.74,32,52,26.57,Motorcycle,0,Within SLA,Short Distance
327,633,145,Delivered,27.97,42,24,35.48,Electric Bike,18,Breached,Long Distance
328,107,94,Pending,47.22,44,50,8.32,Bike,0,Within SLA,Long Distance
329,965,243,Pending,48.53,58,43,35.54,Scooter,15,Breached,Long Distance
330,242,231,Cancelled,49.97,32,50,28.42,Moped,0,Within SLA,Long Distance
331,737,61,Pending,46.9,34,40,23.72,Electric Bike,0,Within SLA,Long Distance
332,1220,342,Cancelled,12.77,34,53,10.84,Electric Scooter,0,Within SLA,Medium Distance
333,160,116,Delivered,25.86,20,56,28.96,Electric Bike,0,Within SLA,Long Distance
334,159,157,On the way,15.35,57,57,20.5,Bike,0,Within SLA,Medium Distance
335,463,5,Delivered,19.31,49,62,16.18,Electric Scooter,0,Within SLA,Medium Distance
336,608,302,On the way,14.47,24,62,23.84,Motorcycle,0,Within SLA,Medium Distance
337,750,266,Delivered,46.98,46,47,41.36,Electric Bike,0,Within SLA,Long Distance
338,887,449,Cancelled,47.28,45,38,47.95,Moped,7,Breached,Long Distance
339,203,471,Pending,29.47,51,44,5.36,Electric Scooter,7,Breached,Long Distance
340,341,184,Pending,40.33,25,61,31.01,Bike,0,Within SLA,Long Distance
341,742,90,Delivered,4.63,50,48,25.41,Electric Scooter,2,Within SLA,Short Distance
342,1258,25,Cancelled,37.01,44,21,26.05,Bike,23,Breached,Long Distance
343,1373,409,On the way,32.67,38,60,49.63,Scooter,0,Within SLA,Long Distance
344,979,8,Delivered,8.21,46,53,32.16,Motorcycle,0,Within SLA,Medium Distance
345,382,84,On the way,1.94,59,34,33.33,Electric Scooter,25,Breached,Short Distance
346,1374,498,On the way,2.63,44,61,37.62,Moped,0,Within SLA,Short Distance
347,1023,446,Pending,10.32,46,40,19.61,Electric Scooter,6,Breached,Medium Distance
348,1151,363,Pending,3.95,26,67,16.7,Moped,0,Within SLA,Short Distance
349,1119,495,Delivered,16.09,23,51,6.6,Motorcycle,0,Within SLA,Medium Distance
350,749,157,Delivered,47.3,40,43,21.69,Moped,0,Within SLA,Long Distance
351,292,31,Cancelled,5.78,54,39,37.59,Scooter,15,Breached,Medium Distance
352,88,348,Delivered,37.5,57,27,20.15,Moped,30,Breached,Long Distance
353,78,31,Pending,33,27,20,38.52,Electric Bike,7,Breached,Long Distance
354,1299,169,Delivered,23.54,52,29,21.08,Scooter,23,Breached,Long Distance
355,1255,183,Delivered,10.18,51,69,38.49,Scooter,0,Within SLA,Medium Distance
356,813,330,Pending,19.17,22,58,2.65,Bike,0,Within SLA,Medium Distance
357,667,181,Delivered,45.38,31,58,20.27,Moped,0,Within SLA,Long Distance
358,354,36,Delivered,15.4,50,25,35.13,Electric Scooter,25,Breached,Medium Distance
359,1239,180,Delivered,4.01,49,65,24.18,Moped,0,Within SLA,Short Distance
360,1237,114,Cancelled,15.12,33,23,20.04,Electric Scooter,10,Breached,Medium Distance
361,1210,229,Pending,1.65,39,60,43.29,Motorcycle,0,Within SLA,Short Distance
362,360,318,Pending,44.49,38,38,37.59,Motorcycle,0,Within SLA,Long Distance
363,255,272,On the way,8.31,45,39,40.02,Moped,6,Breached,Medium Distance
364,335,217,Delivered,39.11,23,21,1.38,Electric Bike,2,Within SLA,Long Distance
365,1066,60,Pending,48.27,22,26,17.41,Motorcycle,0,Within SLA,Long Distance
366,1182,318,Delivered,14.7,26,61,2.48,Moped,0,Within SLA,Medium Distance
367,1328,493,Cancelled,4.61,48,68,18.8,Moped,0,Within SLA,Short Distance
368,1246,222,Pending,29.86,56,29,31.56,Motorcycle,27,Breached,Long Distance
369,1037,304,On the way,5.8,37,68,26.46,Electric Scooter,0,Within SLA,Medium Distance
370,584,282,Pending,34.25,46,39,29.4,Motorcycle,7,Breached,Long Distance
371,92,428,Cancelled,44.84,45,22,9.91,Motorcycle,23,Breached,Long Distance
372,1417,4,Cancelled,36.97,19,59,18.02,Electric Bike,0,Within SLA,Long Distance
373,1417,260,On the way,49.66,56,49,13.2,Bike,7,Breached,Long Distance
374,1054,98,Delivered,4.4,30,46,0.03,Moped,0,Within SLA,Short Distance
375,509,140,Delivered,38.8,40,44,49.6,Electric Scooter,0,Within SLA,Long Distance
376,728,142,Pending,8.28,39,23,27.18,Bike,16,Breached,Medium Distance
377,15,348,Cancelled,42.99,20,70,25.71,Motorcycle,0,Within SLA,Long Distance
378,713,174,Pending,41.35,15,33,8.55,Electric Scooter,0,Within SLA,Long Distance
379,1141,342,Cancelled,48.07,41,27,11.57,Electric Scooter,14,Breached,Long Distance
380,1421,442,Cancelled,14.42,36,23,27.87,Bike,13,Breached,Medium Distance
381,1496,492,On the way,31.4,55,27,5.75,Scooter,28,Breached,Long Distance
382,726,61,Delivered,11.3,49,43,15.44,Electric Bike,6,Breached,Medium Distance
383,881,425,Cancelled,44.83,37,64,11.5,Scooter,0,Within SLA,Long Distance
384,290,414,Pending,5.16,19,51,38.07,Electric Scooter,0,Within SLA,Medium Distance
385,1314,118,Delivered,30.28,46,43,6.79,Bike,3,Within SLA,Long Distance
386,853,210,On the way,38.82,41,68,30,Electric Bike,0,Within SLA,Long Distance
387,671,317,Pending,36.57,40,36,15.54,Scooter,4,Within SLA,Long Distance
388,753,477,On the way,40.74,41,60,47.13,Scooter,0,Within SLA,Long Distance
389,1250,301,On the way,48.03,52,24,1.47,Moped,28,Breached,Long Distance
390,509,368,Cancelled,15.85,41,33,40.06,Motorcycle,8,Breached,Medium Distance
391,525,384,On the way,49.7,33,70,15.98,Scooter,0,Within SLA,Long Distance
392,1050,408,Delivered,36.51,17,57,5.31,Scooter,0,Within SLA,Long Distance
393,1092,435,Delivered,38.31,52,25,34.35,Electric Scooter,27,Breached,Long Distance
394,200,37,Delivered,3.56,29,38,16.23,Moped,0,Within SLA,Short Distance
395,1342,497,Delivered,33.41,42,47,31.57,Motorcycle,0,Within SLA,Long Distance
396,1253,321,Delivered,42.65,32,39,37.95,Scooter,0,Within SLA,Long Distance
397,432,242,Cancelled,34.9,21,24,38.02,Motorcycle,0,Within SLA,Long Distance
398,340,153,On the way,1.8,20,24,17.17,Motorcycle,0,Within SLA,Short Distance
399,365,452,On the way,18.99,38,23,21.45,Scooter,15,Breached,Medium Distance
400,1201,91,Pending,35.78,25,59,47.6,Scooter,0,Within SLA,Long Distance
401,1208,189,Cancelled,36.82,19,34,31.8,Scooter,0,Within SLA,Long Distance
402,1332,492,On the way,21.5,39,52,35.78,Electric Bike,0,Within SLA,Long Distance
403,970,318,Cancelled,11.22,40,56,43.17,Electric Scooter,0,Within SLA,Medium Distance
404,710,369,Pending,33.55,57,34,14.39,Electric Bike,23,Breached,Long Distance
405,1398,458,Delivered,43.3,30,66,3.85,Scooter,0,Within SLA,Long Distance
406,263,462,On the way,43.63,41,29,9.56,Electric Scooter,12,Breached,Long Distance
407,206,485,Cancelled,29.33,20,46,5.55,Moped,0,Within SLA,Long Distance
408,179,139,On the way,11.26,42,28,1.79,Motorcycle,14,Breached,Medium Distance
409,953,229,Pending,32.06,42,70,25.95,Moped,0,Within SLA,Long Distance
410,60,61,Delivered,30.31,41,46,41.04,Bike,0,Within SLA,Long Distance
411,462,367,Cancelled,10.12,25,68,26.08,Scooter,0,Within SLA,Medium Distance
412,757,395,On the way,45.49,28,28,16.18,Motorcycle,0,Within SLA,Long Distance
413,594,107,On the way,35.8,30,50,40.38,Bike,0,Within SLA,Long Distance
414,319,343,On the way,49.46,30,31,19.2,Bike,0,Within SLA,Long Distance
415,1033,230,Delivered,43.13,30,28,15.5,Bike,2,Within SLA,Long Distance
416,489,249,Delivered,17.48,50,51,8.19,Bike,0,Within SLA,Medium Distance
417,889,212,On the way,10.69,41,53,19.68,Motorcycle,0,Within SLA,Medium Distance
418,1426,43,Delivered,10.9,24,42,46.33,Electric Scooter,0,Within SLA,Medium Distance
419,646,87,Cancelled,6.86,31,24,30.85,Moped,7,Breached,Medium Distance
420,725,482,Delivered,41.67,24,58,13.09,Scooter,0,Within SLA,Long Distance
421,1092,88,Delivered,40.37,54,36,44.5,Moped,18,Breached,Long Distance
422,1376,25,Delivered,29.65,43,67,33.84,Bike,0,Within SLA,Long Distance
423,81,22,Cancelled,21.82,47,25,41.05,Scooter,22,Breached,Long Distance
424,165,458,On the way,19.17,38,39,0.44,Bike,0,Within SLA,Medium Distance
425,382,134,Delivered,47.69,19,50,21.76,Electric Bike,0,Within SLA,Long Distance
426,383,96,Pending,29.04,55,56,37.62,Bike,0,Within SLA,Long Distance
427,3,183,Cancelled,24.47,23,22,48.21,Electric Bike,1,Within SLA,Long Distance
428,827,313,Cancelled,17.25,47,50,19.05,Scooter,0,Within SLA,Medium Distance
429,1193,396,Delivered,32.97,46,55,17.03,Scooter,0,Within SLA,Long Distance
430,361,464,Pending,12.56,31,40,25.81,Bike,0,Within SLA,Medium Distance
431,211,328,Pending,23.38,49,48,38.25,Electric Bike,1,Within SLA,Long Distance
432,794,432,Pending,29.76,34,42,39.94,Electric Bike,0,Within SLA,Long Distance
433,97,416,On the way,39.25,27,57,2.24,Moped,0,Within SLA,Long Distance
434,249,35,Pending,49.3,53,54,38.86,Moped,0,Within SLA,Long Distance
435,20,297,Delivered,7.5,54,45,37.75,Bike,9,Breached,Medium Distance
436,646,217,Pending,3.38,35,59,24.46,Scooter,0,Within SLA,Short Distance
437,1296,32,Cancelled,36.25,58,29,4.35,Electric Scooter,29,Breached,Long Distance
438,677,396,Cancelled,6.58,45,53,36.05,Scooter,0,Within SLA,Medium Distance
439,1442,87,On the way,21.7,28,32,32.8,Electric Bike,0,Within SLA,Long Distance
440,1268,65,Delivered,26.88,16,48,47.11,Electric Bike,0,Within SLA,Long Distance
441,944,60,Cancelled,34.59,41,62,42.79,Bike,0,Within SLA,Long Distance
442,814,402,On the way,33.81,31,20,16.26,Motorcycle,11,Breached,Long Distance
443,930,52,Pending,29.6,49,48,22.85,Scooter,1,Within SLA,Long Distance
444,678,50,On the way,49.05,37,43,13.93,Bike,0,Within SLA,Long Distance
445,1020,36,Delivered,19.95,60,53,9.78,Moped,7,Breached,Medium Distance
446,1478,16,On the way,49.58,45,65,37.77,Scooter,0,Within SLA,Long Distance
447,121,118,Delivered,29.93,28,57,41.47,Scooter,0,Within SLA,Long Distance
448,1429,210,Pending,36.69,38,68,38.5,Bike,0,Within SLA,Long Distance
449,577,231,Delivered,27.63,31,47,46.2,Electric Scooter,0,Within SLA,Long Distance
450,1234,317,Pending,39.37,38,67,24.3,Moped,0,Within SLA,Long Distance
451,449,231,On the way,27.4,58,25,14.84,Electric Bike,33,Breached,Long Distance
452,1319,308,Cancelled,37.31,42,65,43.25,Moped,0,Within SLA,Long Distance
453,597,217,On the way,6.03,16,46,13.33,Motorcycle,0,Within SLA,Medium Distance
454,638,53,Cancelled,18.74,55,39,12.98,Moped,16,Breached,Medium Distance
455,788,157,Delivered,48.8,32,51,13.18,Bike,0,Within SLA,Long Distance
456,922,171,Cancelled,25.82,53,32,23.41,Scooter,21,Breached,Long Distance
457,742,396,Cancelled,31.98,33,56,28.51,Scooter,0,Within SLA,Long Distance
458,370,352,On the way,18.29,35,20,10.46,Motorcycle,15,Breached,Medium Distance
459,360,171,Cancelled,25.14,44,69,4.12,Motorcycle,0,Within SLA,Long Distance
460,373,365,Cancelled,45.74,43,34,26,Bike,9,Breached,Long Distance
461,1349,402,Pending,34.26,37,43,17.87,Electric Bike,0,Within SLA,Long Distance
462,598,203,Pending,22.89,28,21,38.69,Electric Bike,7,Breached,Long Distance
463,294,126,On the way,42.17,55,34,40.66,Motorcycle,21,Breached,Long Distance
464,344,310,On the way,11.97,29,64,30.32,Bike,0,Within SLA,Medium Distance
465,1203,10,Cancelled,15.44,36,54,3.28,Moped,0,Within SLA,Medium Distance
466,808,438,Cancelled,13.37,20,23,39.12,Motorcycle,0,Within SLA,Medium Distance
467,766,472,On the way,19.12,46,21,17.62,Moped,25,Breached,Medium Distance
468,421,151,Cancelled,30.01,35,40,42.61,Electric Bike,0,Within SLA,Long Distance
469,1383,38,On the way,26.97,31,62,47.2,Scooter,0,Within SLA,Long Distance
470,1490,336,On the way,28.73,40,64,43.49,Moped,0,Within SLA,Long Distance
471,508,112,On the way,1.13,45,53,19,Moped,0,Within SLA,Short Distance
472,1177,116,Cancelled,34.86,25,26,43.06,Scooter,0,Within SLA,Long Distance
473,710,306,Cancelled,42.03,22,29,44.49,Electric Scooter,0,Within SLA,Long Distance
474,1243,312,Delivered,7.24,31,35,39.32,Electric Bike,0,Within SLA,Medium Distance
475,1247,219,Delivered,18.61,25,21,30.69,Motorcycle,4,Within SLA,Medium Distance
476,1168,205,Pending,22.19,53,39,17.09,Motorcycle,14,Breached,Long Distance
477,564,319,Delivered,44.89,55,31,9.56,Electric Scooter,24,Breached,Long Distance
478,1479,481,On the way,42.05,24,62,16.23,Bike,0,Within SLA,Long Distance
479,758,389,Cancelled,1.04,58,28,14.58,Bike,30,Breached,Short Distance
480,85,415,Delivered,7.65,19,38,27.5,Motorcycle,0,Within SLA,Medium Distance
481,1301,122,Delivered,29.71,34,61,28.21,Scooter,0,Within SLA,Long Distance
482,235,436,Cancelled,35.67,43,60,39.81,Scooter,0,Within SLA,Long Distance
483,736,1,Delivered,7.2,42,61,16.19,Scooter,0,Within SLA,Medium Distance
484,791,224,Delivered,20.88,49,68,12.01,Motorcycle,0,Within SLA,Long Distance
485,1483,123,On the way,6.25,31,34,42,Moped,0,Within SLA,Medium Distance
486,1227,339,Pending,27.53,19,39,24.21,Electric Bike,0,Within SLA,Long Distance
487,201,295,Cancelled,11.55,32,51,42.44,Moped,0,Within SLA,Medium Distance
488,1047,281,Delivered,33.02,36,23,36.46,Electric Bike,13,Breached,Long Distance
489,996,480,Pending,41.02,15,49,1.61,Scooter,0,Within SLA,Long Distance
490,231,448,Pending,1.32,53,69,25.45,Electric Scooter,0,Within SLA,Short Distance
491,1197,342,Delivered,27.12,45,51,35.39,Electric Scooter,0,Within SLA,Long Distance
492,1277,221,Cancelled,38.06,44,58,49.13,Motorcycle,0,Within SLA,Long Distance
493,631,375,Pending,1.49,27,29,33.37,Electric Bike,0,Within SLA,Short Distance
494,1384,295,Cancelled,33.72,36,52,44.99,Bike,0,Within SLA,Long Distance
495,445,121,Pending,23.14,30,30,9.59,Electric Bike,0,Within SLA,Long Distance
496,1105,98,On the way,36.64,25,52,49.01,Bike,0,Within SLA,Long Distance
497,791,204,Delivered,6.19,17,47,15.87,Motorcycle,0,Within SLA,Medium Distance
498,1220,250,Cancelled,2.84,49,35,38.8,Moped,14,Breached,Short Distance
499,512,315,On the way,28.38,43,64,8.89,Electric Scooter,0,Within SLA,Long Distance
500,255,45,Pending,27.7,20,30,28.64,Motorcycle,0,Within SLA,Long Distance
501,655,381,Pending,30.76,35,30,47.99,Motorcycle,5,Within SLA,Long Distance
502,632,379,Delivered,22.11,24,21,12.85,Scooter,3,Within SLA,Long Distance
503,455,154,Pending,41.36,53,41,11.74,Electric Bike,12,Breached,Long Distance
504,532,386,Pending,3.81,28,34,41.88,Electric Bike,0,Within SLA,Short Distance
505,1135,349,Cancelled,9.19,54,65,7.65,Scooter,0,Within SLA,Medium Distance
506,674,142,Delivered,27.36,34,44,28.07,Scooter,0,Within SLA,Long Distance
507,59,51,On the way,33.7,58,33,46.44,Bike,25,Breached,Long Distance
508,728,431,Cancelled,11.63,36,59,19.71,Moped,0,Within SLA,Medium Distance
509,1071,76,Delivered,40.56,51,26,48.39,Moped,25,Breached,Long Distance
510,684,476,Cancelled,10.94,33,46,1.41,Motorcycle,0,Within SLA,Medium Distance
511,198,123,Delivered,30.26,45,50,38.06,Electric Scooter,0,Within SLA,Long Distance
512,258,172,Cancelled,48.01,46,22,48.95,Scooter,24,Breached,Long Distance
513,242,148,On the way,37.24,41,28,40.04,Electric Bike,13,Breached,Long Distance
514,1435,79,Delivered,49.53,18,55,13.42,Electric Scooter,0,Within SLA,Long Distance
515,1317,189,Pending,25.26,48,35,16.37,Electric Scooter,13,Breached,Long Distance
516,535,166,Delivered,26.76,39,30,39.18,Bike,9,Breached,Long Distance
517,1311,434,Pending,41.87,15,25,19.94,Electric Bike,0,Within SLA,Long Distance
518,544,407,On the way,34.1,41,36,22.98,Scooter,5,Within SLA,Long Distance
519,1453,103,Delivered,15.23,25,51,5.08,Scooter,0,Within SLA,Medium Distance
520,1405,283,Pending,25.62,59,54,18.55,Motorcycle,5,Within SLA,Long Distance
521,160,73,Cancelled,39.84,44,24,36.1,Bike,20,Breached,Long Distance
522,913,240,Delivered,27.21,32,44,22.14,Motorcycle,0,Within SLA,Long Distance
523,1199,359,Cancelled,38.62,33,58,36.12,Bike,0,Within SLA,Long Distance
524,659,478,Pending,38.66,42,44,12.12,Scooter,0,Within SLA,Long Distance
525,284,4,Cancelled,41.74,23,53,22.6,Bike,0,Within SLA,Long Distance
526,150,100,Delivered,17.44,55,56,48.56,Motorcycle,0,Within SLA,Medium Distance
527,861,223,On the way,11.8,36,56,2.05,Electric Scooter,0,Within SLA,Medium Distance
528,914,153,Cancelled,46.95,30,62,37.25,Bike,0,Within SLA,Long Distance
529,386,448,Delivered,38.99,19,49,20.26,Scooter,0,Within SLA,Long Distance
530,1378,258,On the way,37.14,23,46,29.88,Scooter,0,Within SLA,Long Distance
531,1026,52,On the way,47.43,19,64,3.47,Electric Bike,0,Within SLA,Long Distance
532,867,302,Cancelled,16.51,42,40,34.72,Moped,2,Within SLA,Medium Distance
533,1058,252,Delivered,26.33,55,59,1.02,Moped,0,Within SLA,Long Distance
534,664,317,Cancelled,14.09,51,55,13.48,Electric Scooter,0,Within SLA,Medium Distance
535,497,156,Delivered,2.14,29,62,10.73,Motorcycle,0,Within SLA,Short Distance
536,864,461,On the way,43.74,23,29,35.81,Motorcycle,0,Within SLA,Long Distance
537,761,93,Pending,36.65,57,25,39.98,Scooter,32,Breached,Long Distance
538,1043,108,Cancelled,47.83,46,57,17.38,Motorcycle,0,Within SLA,Long Distance
539,265,226,Cancelled,26.89,54,38,28.15,Electric Scooter,16,Breached,Long Distance
540,972,368,Pending,6.37,54,29,5.71,Motorcycle,25,Breached,Medium Distance
541,1326,459,Pending,17.03,41,38,8.36,Electric Scooter,3,Within SLA,Medium Distance
542,85,422,Delivered,30.89,33,40,24.06,Scooter,0,Within SLA,Long Distance
543,630,109,Delivered,7.06,34,39,18.59,Bike,0,Within SLA,Medium Distance
544,1286,290,On the way,12.63,59,56,13.84,Scooter,3,Within SLA,Medium Distance
545,381,80,Pending,5.46,18,40,28.72,Motorcycle,0,Within SLA,Medium Distance
546,1423,260,Delivered,12.05,45,67,16.29,Moped,0,Within SLA,Medium Distance
547,1234,134,Delivered,11.2,55,47,34.41,Scooter,8,Breached,Medium Distance
548,459,145,Cancelled,7.41,44,45,0.88,Scooter,0,Within SLA,Medium Distance
549,507,467,On the way,37.33,54,30,2.69,Electric Scooter,24,Breached,Long Distance
550,1127,42,Delivered,32.97,20,51,14,Electric Bike,0,Within SLA,Long Distance
551,736,59,Cancelled,15.99,24,45,6.04,Motorcycle,0,Within SLA,Medium Distance
552,74,60,On the way,44.59,18,29,49.28,Scooter,0,Within SLA,Long Distance
553,1455,120,Cancelled,2.66,36,61,46.69,Motorcycle,0,Within SLA,Short Distance
554,1484,40,Pending,30.08,42,41,11.45,Moped,1,Within SLA,Long Distance
555,1212,199,On the way,29.16,47,53,40.32,Bike,0,Within SLA,Long Distance
556,1239,259,Delivered,48.93,58,48,7.45,Scooter,10,Breached,Long Distance
557,986,76,Pending,37.55,57,63,9.47,Scooter,0,Within SLA,Long Distance
558,309,248,Delivered,46.41,15,54,40.8,Moped,0,Within SLA,Long Distance
559,1137,307,On the way,10.39,58,65,24.27,Motorcycle,0,Within SLA,Medium Distance
560,222,16,On the way,4.57,40,39,24.89,Electric Bike,1,Within SLA,Short Distance
561,649,323,Cancelled,25.69,53,34,40.28,Electric Bike,19,Breached,Long Distance
562,638,136,Cancelled,17.68,15,65,0.19,Electric Scooter,0,Within SLA,Medium Distance
563,680,412,Pending,23.27,20,59,2.4,Electric Scooter,0,Within SLA,Long Distance
564,564,36,Pending,32.75,29,28,10.13,Electric Bike,1,Within SLA,Long Distance
565,901,156,Delivered,2.38,34,69,6.88,Moped,0,Within SLA,Short Distance
566,1041,141,Pending,43.76,25,44,9.99,Motorcycle,0,Within SLA,Long Distance
567,228,432,Delivered,7.47,23,63,44.6,Bike,0,Within SLA,Medium Distance
568,70,10,Pending,25.3,22,33,18.53,Scooter,0,Within SLA,Long Distance
569,1309,14,Delivered,28.12,49,56,12.99,Moped,0,Within SLA,Long Distance
570,137,385,On the way,12.54,39,21,47.83,Scooter,18,Breached,Medium Distance
571,641,30,Cancelled,33.53,20,40,27.54,Electric Scooter,0,Within SLA,Long Distance
572,846,308,On the way,38.21,36,27,8.27,Electric Scooter,9,Breached,Long Distance
573,1438,468,Pending,2.76,60,54,44.35,Electric Scooter,6,Breached,Short Distance
574,252,485,Delivered,10.04,34,35,18.19,Electric Scooter,0,Within SLA,Medium Distance
575,567,154,Cancelled,36.38,17,35,46.56,Motorcycle,0,Within SLA,Long Distance
576,225,460,Cancelled,3.75,40,40,18.56,Scooter,0,Within SLA,Short Distance
577,753,219,On the way,2.11,49,47,46.18,Bike,2,Within SLA,Short Distance
578,64,69,Delivered,36.02,33,53,39.44,Scooter,0,Within SLA,Long Distance
579,338,264,Pending,3.62,47,42,19.11,Scooter,5,Within SLA,Short Distance
580,1143,250,Delivered,6.48,60,60,19.94,Electric Bike,0,Within SLA,Medium Distance
581,437,208,On the way,28.62,26,29,22.5,Motorcycle,0,Within SLA,Long Distance
582,771,180,On the way,26.32,45,54,34.28,Moped,0,Within SLA,Long Distance
583,1368,354,Delivered,36.26,44,47,20.11,Moped,0,Within SLA,Long Distance
584,1204,249,Delivered,25.75,15,58,32.69,Bike,0,Within SLA,Long Distance
585,157,123,Cancelled,13.04,37,33,46.01,Electric Bike,4,Within SLA,Medium Distance
586,1246,182,Cancelled,16.38,22,47,28.95,Bike,0,Within SLA,Medium Distance
587,477,184,Pending,39.13,35,35,1.58,Bike,0,Within SLA,Long Distance
588,949,308,Pending,1.8,23,61,40.24,Motorcycle,0,Within SLA,Short Distance
589,23,192,On the way,48.88,55,27,8.39,Motorcycle,28,Breached,Long Distance
590,210,396,Delivered,49.09,19,49,12.76,Scooter,0,Within SLA,Long Distance
591,1390,378,Cancelled,20.68,44,20,42.62,Electric Bike,24,Breached,Long Distance
592,204,447,On the way,23.67,20,47,38.89,Scooter,0,Within SLA,Long Distance
593,441,137,Delivered,1.61,18,33,39.2,Motorcycle,0,Within SLA,Short Distance
594,9,239,On the way,34.02,57,37,13.08,Electric Scooter,20,Breached,Long Distance
595,1181,313,Cancelled,9.78,59,53,23.49,Bike,6,Breached,Medium Distance
596,805,366,Cancelled,47.59,52,41,33.27,Bike,11,Breached,Long Distance
597,384,210,On the way,43.63,22,62,34.52,Bike,0,Within SLA,Long Distance
598,882,480,On the way,20.25,47,31,25.26,Electric Scooter,16,Breached,Long Distance
599,1113,229,Pending,39.8,28,62,31.36,Electric Bike,0,Within SLA,Long Distance
600,679,406,Pending,29.12,44,54,36.17,Motorcycle,0,Within SLA,Long Distance
601,228,449,On the way,14.23,47,27,8.03,Electric Bike,20,Breached,Medium Distance
602,235,90,Delivered,10.5,34,68,3.14,Motorcycle,0,Within SLA,Medium Distance
603,961,96,Cancelled,45.81,25,29,26.11,Electric Bike,0,Within SLA,Long Distance
604,623,421,Pending,28.96,44,65,32.95,Motorcycle,0,Within SLA,Long Distance
605,1378,500,On the way,47.69,54,30,32.88,Motorcycle,24,Breached,Long Distance
606,80,266,Cancelled,9.54,40,62,41.4,Bike,0,Within SLA,Medium Distance
607,903,18,Delivered,29.49,16,48,22.59,Bike,0,Within SLA,Long Distance
608,1484,216,Delivered,11.89,29,56,2.76,Motorcycle,0,Within SLA,Medium Distance
609,152,92,On the way,28.08,49,57,30.31,Motorcycle,0,Within SLA,Long Distance
610,1457,370,Pending,46.44,40,62,15.96,Scooter,0,Within SLA,Long Distance
611,253,86,Cancelled,46.59,21,51,40.13,Bike,0,Within SLA,Long Distance
612,1315,151,Delivered,14.01,36,35,2.42,Scooter,1,Within SLA,Medium Distance
613,1364,469,Pending,35.29,58,54,42.2,Scooter,4,Within SLA,Long Distance
614,693,257,On the way,16.94,48,25,39.81,Electric Scooter,23,Breached,Medium Distance
615,849,404,On the way,42.85,38,46,7.2,Motorcycle,0,Within SLA,Long Distance
616,5,123,Delivered,29.56,16,55,40.99,Bike,0,Within SLA,Long Distance
617,932,470,Delivered,16.04,18,31,22.23,Bike,0,Within SLA,Medium Distance
618,56,8,On the way,23.76,18,36,4.73,Motorcycle,0,Within SLA,Long Distance
619,765,331,Pending,18.6,49,65,47.11,Moped,0,Within SLA,Medium Distance
620,1135,38,Pending,47.47,60,66,43.33,Electric Scooter,0,Within SLA,Long Distance
621,474,177,Delivered,14.79,49,39,5.35,Electric Scooter,10,Breached,Medium Distance
622,648,269,Delivered,44.9,22,65,35.29,Motorcycle,0,Within SLA,Long Distance
623,1312,285,Pending,19.71,42,42,10.82,Electric Bike,0,Within SLA,Medium Distance
624,606,203,Delivered,2.91,19,57,17.5,Motorcycle,0,Within SLA,Short Distance
625,1146,140,Pending,40.25,46,43,49.21,Scooter,3,Within SLA,Long Distance
626,1320,30,On the way,37.17,22,42,1.64,Motorcycle,0,Within SLA,Long Distance
627,1092,246,Delivered,26.66,24,68,30.22,Bike,0,Within SLA,Long Distance
628,176,222,Pending,2.11,24,40,0.79,Electric Bike,0,Within SLA,Short Distance
629,1343,227,Cancelled,28.25,23,36,47.74,Motorcycle,0,Within SLA,Long Distance
630,391,28,On the way,1.43,44,25,7.2,Scooter,19,Breached,Short Distance
631,154,140,Cancelled,6.69,16,33,1.73,Electric Bike,0,Within SLA,Medium Distance
632,1136,380,Delivered,33.71,29,67,21.9,Moped,0,Within SLA,Long Distance
633,88,176,Pending,16.42,36,66,6.03,Scooter,0,Within SLA,Medium Distance
634,857,381,Delivered,40.39,40,25,41.47,Scooter,15,Breached,Long Distance
635,495,385,Cancelled,31.89,25,66,8.14,Motorcycle,0,Within SLA,Long Distance
636,117,287,Delivered,48.88,50,47,0.55,Electric Scooter,3,Within SLA,Long Distance
637,947,4,On the way,44.23,57,53,15.76,Bike,4,Within SLA,Long Distance
638,52,49,On the way,25.06,43,69,33.98,Motorcycle,0,Within SLA,Long Distance
639,206,156,Delivered,41.47,56,47,14.65,Moped,9,Breached,Long Distance
640,1167,397,Cancelled,14.96,43,30,37.32,Motorcycle,13,Breached,Medium Distance
641,1309,187,Pending,11.26,33,44,26.71,Electric Bike,0,Within SLA,Medium Distance
642,741,23,Delivered,33.8,58,42,5.37,Moped,16,Breached,Long Distance
643,350,495,On the way,46.75,25,43,11.73,Moped,0,Within SLA,Long Distance
644,924,381,Pending,6,48,66,7.93,Bike,0,Within SLA,Medium Distance
645,912,474,Cancelled,4.01,39,68,37.21,Moped,0,Within SLA,Short Distance
646,384,247,Delivered,23.18,39,61,40.21,Scooter,0,Within SLA,Long Distance
647,534,273,Delivered,11.63,24,56,2.67,Moped,0,Within SLA,Medium Distance
648,134,429,Pending,7.15,60,52,49.7,Bike,8,Breached,Medium Distance
649,146,207,On the way,46.38,33,60,22.45,Moped,0,Within SLA,Long Distance
650,732,323,Pending,33.95,39,45,0.19,Scooter,0,Within SLA,Long Distance
651,448,157,Delivered,30.33,29,52,8.17,Scooter,0,Within SLA,Long Distance
652,174,102,Delivered,29.65,20,37,20.79,Scooter,0,Within SLA,Long Distance
653,1386,351,Pending,32.09,56,49,23.48,Electric Bike,7,Breached,Long Distance
654,745,20,Cancelled,26.04,23,21,11.29,Scooter,2,Within SLA,Long Distance
655,459,301,Pending,40.99,55,66,25.94,Moped,0,Within SLA,Long Distance
656,811,486,Cancelled,44.76,46,48,42.69,Scooter,0,Within SLA,Long Distance
657,978,33,Cancelled,6.19,55,44,8.3,Moped,11,Breached,Medium Distance
658,1143,187,Delivered,11.02,51,69,16.59,Electric Scooter,0,Within SLA,Medium Distance
659,273,206,Cancelled,17.57,33,22,0.53,Bike,11,Breached,Medium Distance
660,1196,134,Pending,3.71,44,57,48.81,Scooter,0,Within SLA,Short Distance
661,919,296,Delivered,15.72,34,29,47.9,Scooter,5,Within SLA,Medium Distance
662,1026,404,On the way,17.14,45,61,41.06,Electric Bike,0,Within SLA,Medium Distance
663,874,212,Delivered,45.96,57,57,33.66,Electric Bike,0,Within SLA,Long Distance
664,1190,154,Cancelled,28.13,24,41,6.91,Motorcycle,0,Within SLA,Long Distance
665,316,122,Delivered,40.96,44,66,24.75,Motorcycle,0,Within SLA,Long Distance
666,1309,392,On the way,25.98,36,40,18.86,Electric Scooter,0,Within SLA,Long Distance
667,1145,256,On the way,17.87,30,57,23.47,Bike,0,Within SLA,Medium Distance
668,1399,248,Pending,44.82,40,59,12.09,Moped,0,Within SLA,Long Distance
669,738,46,On the way,35.67,41,57,30.82,Electric Bike,0,Within SLA,Long Distance
670,886,270,Delivered,8.15,41,45,30.3,Electric Bike,0,Within SLA,Medium Distance
671,511,368,On the way,28.56,33,66,48.84,Electric Scooter,0,Within SLA,Long Distance
672,1369,181,Delivered,25.77,56,45,29.86,Bike,11,Breached,Long Distance
673,1398,302,Pending,41.55,22,60,8.38,Motorcycle,0,Within SLA,Long Distance
674,1091,150,Pending,20.97,56,53,39.78,Electric Bike,3,Within SLA,Long Distance
675,1052,184,Pending,25.75,53,24,27.07,Motorcycle,29,Breached,Long Distance
676,300,460,Cancelled,29.34,53,28,31.21,Electric Bike,25,Breached,Long Distance
677,1236,61,Cancelled,1.39,41,35,42.1,Electric Scooter,6,Breached,Short Distance
678,852,330,Cancelled,8.36,45,23,11.77,Bike,22,Breached,Medium Distance
679,355,75,Delivered,37.7,46,67,15.5,Scooter,0,Within SLA,Long Distance
680,620,166,Delivered,40.34,42,54,32.84,Moped,0,Within SLA,Long Distance
681,1342,69,Pending,24.26,58,70,7.69,Scooter,0,Within SLA,Long Distance
682,117,151,Pending,45.53,43,50,7.93,Bike,0,Within SLA,Long Distance
683,481,43,Cancelled,35.38,55,29,26.62,Electric Scooter,26,Breached,Long Distance
684,591,407,On the way,39.6,27,56,22.16,Bike,0,Within SLA,Long Distance
685,586,468,Cancelled,29.81,17,59,47.66,Scooter,0,Within SLA,Long Distance
686,1374,6,Cancelled,18.18,51,40,1.11,Electric Bike,11,Breached,Medium Distance
687,243,382,Pending,23.25,15,47,47.33,Scooter,0,Within SLA,Long Distance
688,895,152,Pending,29.33,34,58,4.82,Electric Bike,0,Within SLA,Long Distance
689,1473,450,Pending,40.49,37,23,12.24,Electric Bike,14,Breached,Long Distance
690,1000,337,On the way,2.15,59,70,35.07,Scooter,0,Within SLA,Short Distance
691,875,71,Pending,15.57,40,44,46.49,Electric Bike,0,Within SLA,Medium Distance
692,499,19,Cancelled,30.7,27,64,19.11,Motorcycle,0,Within SLA,Long Distance
693,1236,436,Cancelled,43.36,50,36,11.14,Bike,14,Breached,Long Distance
694,262,445,On the way,10.36,36,49,40.29,Bike,0,Within SLA,Medium Distance
695,614,352,On the way,15.3,60,67,10.14,Moped,0,Within SLA,Medium Distance
696,543,244,Cancelled,9.06,53,28,6.36,Moped,25,Breached,Medium Distance
697,880,100,Cancelled,26.76,50,60,14.52,Electric Scooter,0,Within SLA,Long Distance
698,1494,179,Delivered,31.7,58,54,21.62,Bike,4,Within SLA,Long Distance
699,687,304,Delivered,10.78,59,23,2.86,Electric Bike,36,Breached,Medium Distance
700,235,80,Pending,39.07,16,65,37.52,Electric Scooter,0,Within SLA,Long Distance
701,1429,67,Pending,29.31,42,40,41.96,Moped,2,Within SLA,Long Distance
702,1314,112,Pending,9.87,56,21,3.93,Bike,35,Breached,Medium Distance
703,1476,188,On the way,24.62,55,25,33.05,Moped,30,Breached,Long Distance
704,1495,312,Pending,29.08,55,32,0.41,Electric Bike,23,Breached,Long Distance
705,611,421,On the way,45.14,21,25,48.7,Electric Scooter,0,Within SLA,Long Distance
706,768,198,Delivered,38.13,34,47,6.96,Bike,0,Within SLA,Long Distance
707,1056,4,Pending,48.03,38,56,27.81,Motorcycle,0,Within SLA,Long Distance
708,172,292,On the way,49.74,48,35,18.01,Electric Scooter,13,Breached,Long Distance
709,1194,381,On the way,47.32,20,20,9.21,Electric Bike,0,Within SLA,Long Distance
710,847,418,On the way,12.22,26,48,27.06,Moped,0,Within SLA,Medium Distance
711,1347,360,Delivered,12.82,56,35,18.09,Electric Scooter,21,Breached,Medium Distance
712,117,119,Pending,15.81,41,60,25.31,Scooter,0,Within SLA,Medium Distance
713,1236,184,On the way,33.87,21,61,44.6,Electric Scooter,0,Within SLA,Long Distance
714,800,322,Pending,12.7,41,56,20.27,Electric Bike,0,Within SLA,Medium Distance
715,1250,63,Pending,47.51,40,29,49.85,Motorcycle,11,Breached,Long Distance
716,1291,347,Cancelled,9.63,48,62,31.32,Moped,0,Within SLA,Medium Distance
717,790,238,On the way,33.17,30,54,35.84,Bike,0,Within SLA,Long Distance
718,249,166,Delivered,24.48,24,54,41.04,Scooter,0,Within SLA,Long Distance
719,96,500,Pending,34.57,40,64,44.31,Electric Bike,0,Within SLA,Long Distance
720,461,279,Delivered,28.47,36,47,28.99,Electric Scooter,0,Within SLA,Long Distance
721,41,268,On the way,11.39,58,62,12.58,Electric Bike,0,Within SLA,Medium Distance
722,981,104,Pending,31.08,58,59,45.34,Scooter,0,Within SLA,Long Distance
723,556,128,On the way,5.95,31,57,41.17,Scooter,0,Within SLA,Medium Distance
724,1054,81,Pending,35.96,30,23,32.28,Motorcycle,7,Breached,Long Distance
725,1062,350,Pending,10.31,48,23,43.73,Electric Bike,25,Breached,Medium Distance
726,1082,12,Cancelled,47.03,18,46,44.21,Electric Bike,0,Within SLA,Long Distance
727,1155,465,Pending,19.13,31,37,23.27,Electric Scooter,0,Within SLA,Medium Distance
728,459,288,On the way,1.49,43,55,33.5,Electric Bike,0,Within SLA,Short Distance
729,1202,284,Pending,23.41,23,69,24.82,Bike,0,Within SLA,Long Distance
730,1083,115,Pending,30.22,48,54,5.57,Electric Scooter,0,Within SLA,Long Distance
731,98,438,On the way,4.65,59,64,21.77,Moped,0,Within SLA,Short Distance
732,653,56,Cancelled,41.51,19,60,17.93,Scooter,0,Within SLA,Long Distance
733,895,309,On the way,48.26,52,69,23.28,Scooter,0,Within SLA,Long Distance
734,912,11,On the way,5.29,30,66,31.4,Electric Bike,0,Within SLA,Medium Distance
735,256,156,Cancelled,13.38,26,54,1.09,Scooter,0,Within SLA,Medium Distance
736,1206,234,Pending,45.34,40,52,26.62,Scooter,0,Within SLA,Long Distance
737,773,279,Cancelled,12.84,48,45,49.26,Scooter,3,Within SLA,Medium Distance
738,888,12,On the way,44.92,17,56,18.41,Electric Bike,0,Within SLA,Long Distance
739,398,84,On the way,38.61,48,50,14.06,Moped,0,Within SLA,Long Distance
740,480,224,Pending,33.96,43,32,26.7,Scooter,11,Breached,Long Distance
741,996,194,Cancelled,27.33,37,29,32.11,Electric Bike,8,Breached,Long Distance
742,1422,212,Cancelled,12.96,16,53,44.41,Electric Scooter,0,Within SLA,Medium Distance
743,570,440,On the way,49.31,31,23,0.86,Electric Scooter,8,Breached,Long Distance
744,991,6,Pending,33.43,49,45,33.86,Scooter,4,Within SLA,Long Distance
745,1132,220,Cancelled,18.54,47,47,44.98,Scooter,0,Within SLA,Medium Distance
746,313,494,Pending,3.45,49,32,16.07,Electric Bike,17,Breached,Short Distance
747,523,209,Cancelled,30.48,34,24,37.5,Moped,10,Breached,Long Distance
748,1007,266,On the way,41.75,53,41,12.76,Motorcycle,12,Breached,Long Distance
749,863,231,Cancelled,5.75,22,66,24.54,Bike,0,Within SLA,Medium Distance
750,510,2,Cancelled,29.22,44,27,20.05,Motorcycle,17,Breached,Long Distance
751,413,497,Delivered,31.07,43,30,13.59,Scooter,13,Breached,Long Distance
752,937,309,On the way,20.85,35,46,33.99,Motorcycle,0,Within SLA,Long Distance
753,1405,297,Cancelled,25.4,35,59,13.54,Electric Bike,0,Within SLA,Long Distance
754,907,47,Cancelled,5.58,38,30,34.72,Electric Bike,8,Breached,Medium Distance
755,1455,153,On the way,29.34,47,32,19.68,Scooter,15,Breached,Long Distance
756,852,483,On the way,11.84,40,67,16.35,Electric Bike,0,Within SLA,Medium Distance
757,259,158,Pending,47.78,46,45,49.14,Bike,1,Within SLA,Long Distance
758,273,110,Delivered,24.88,42,66,4.32,Motorcycle,0,Within SLA,Long Distance
759,450,493,Cancelled,46.5,36,66,16.53,Bike,0,Within SLA,Long Distance
760,429,7,Pending,40.63,27,50,40.94,Bike,0,Within SLA,Long Distance
761,293,388,Delivered,21.05,34,54,25.53,Moped,0,Within SLA,Long Distance
762,1343,215,Cancelled,2.52,58,48,9.21,Electric Scooter,10,Breached,Short Distance
763,1399,61,Cancelled,47.4,41,67,28.85,Bike,0,Within SLA,Long Distance
764,1305,21,Cancelled,26.91,49,41,45.78,Electric Scooter,8,Breached,Long Distance
765,21,388,On the way,47.32,31,20,19.78,Motorcycle,11,Breached,Long Distance
766,1016,316,Cancelled,6.85,57,39,3.29,Bike,18,Breached,Medium Distance
767,577,399,Pending,25.99,19,57,36.01,Electric Scooter,0,Within SLA,Long Distance
768,1283,367,Cancelled,29.58,21,64,48.11,Scooter,0,Within SLA,Long Distance
769,6,172,Delivered,16.43,49,63,25.38,Scooter,0,Within SLA,Medium Distance
770,857,301,Cancelled,36,26,29,8.73,Electric Scooter,0,Within SLA,Long Distance
771,36,152,Delivered,1.46,49,68,28.06,Electric Scooter,0,Within SLA,Short Distance
772,521,111,On the way,26.33,19,64,15.85,Motorcycle,0,Within SLA,Long Distance
773,402,288,On the way,10.47,36,38,6.87,Motorcycle,0,Within SLA,Medium Distance
774,208,242,Delivered,39.42,30,69,21.63,Electric Bike,0,Within SLA,Long Distance
775,5,300,Delivered,33.5,40,38,48.79,Electric Bike,2,Within SLA,Long Distance
776,971,127,Delivered,11.96,24,68,22.77,Bike,0,Within SLA,Medium Distance
777,68,472,Cancelled,46.05,19,58,2.22,Moped,0,Within SLA,Long Distance
778,183,236,Delivered,28.89,58,31,12.54,Electric Scooter,27,Breached,Long Distance
779,756,273,Cancelled,9.93,44,24,44.2,Bike,20,Breached,Medium Distance
780,152,343,On the way,23.38,38,21,13.48,Motorcycle,17,Breached,Long Distance
781,1030,224,Cancelled,30.49,17,44,0.42,Moped,0,Within SLA,Long Distance
782,1374,169,On the way,42.25,29,61,36.92,Electric Scooter,0,Within SLA,Long Distance
783,550,327,Pending,39.68,38,31,24.42,Electric Bike,7,Breached,Long Distance
784,491,44,On the way,43.85,24,65,46.95,Moped,0,Within SLA,Long Distance
785,531,151,Delivered,11.88,23,38,4.19,Electric Bike,0,Within SLA,Medium Distance
786,1182,16,On the way,47.61,38,38,29.71,Scooter,0,Within SLA,Long Distance
787,602,303,Pending,49.94,38,61,35.82,Electric Bike,0,Within SLA,Long Distance
788,304,314,Cancelled,20.49,15,45,22.59,Electric Scooter,0,Within SLA,Long Distance
789,613,207,On the way,46.58,55,48,38.97,Moped,7,Breached,Long Distance
790,933,427,Pending,32.72,56,28,48.27,Electric Scooter,28,Breached,Long Distance
791,1009,378,Cancelled,40.09,30,54,36.98,Electric Bike,0,Within SLA,Long Distance
792,1467,268,On the way,26.65,38,28,12.31,Motorcycle,10,Breached,Long Distance
793,1410,137,Cancelled,42.86,41,34,21.99,Electric Bike,7,Breached,Long Distance
794,954,80,On the way,24.98,15,23,10.56,Electric Scooter,0,Within SLA,Long Distance
795,399,183,On the way,47.76,44,28,49.32,Motorcycle,16,Breached,Long Distance
796,920,393,Delivered,19.02,48,38,4.47,Electric Scooter,10,Breached,Medium Distance
797,1212,51,Delivered,28.56,16,24,3.94,Electric Scooter,0,Within SLA,Long Distance
798,582,98,On the way,8.09,43,36,20.88,Motorcycle,7,Breached,Medium Distance
799,839,416,Delivered,22.54,30,25,40.71,Moped,5,Within SLA,Long Distance
800,897,345,Pending,17.4,41,32,2.44,Moped,9,Breached,Medium Distance
801,1447,419,Delivered,1.92,22,27,16.12,Motorcycle,0,Within SLA,Short Distance
802,950,129,Cancelled,45.76,33,36,43.36,Bike,0,Within SLA,Long Distance
803,22,87,Cancelled,33.69,31,47,47.53,Moped,0,Within SLA,Long Distance
804,191,375,On the way,27.53,43,22,25.9,Bike,21,Breached,Long Distance
805,858,309,On the way,24.23,18,38,26.29,Motorcycle,0,Within SLA,Long Distance
806,591,324,Cancelled,24.68,39,31,8.06,Scooter,8,Breached,Long Distance
807,654,394,Cancelled,26.08,54,56,40.26,Electric Scooter,0,Within SLA,Long Distance
808,410,372,Delivered,10.63,40,20,43.79,Motorcycle,20,Breached,Medium Distance
809,632,156,Delivered,41.43,50,40,32.86,Electric Scooter,10,Breached,Long Distance
810,1133,414,Pending,38.08,46,45,4.34,Moped,1,Within SLA,Long Distance
811,197,409,Pending,35.76,51,70,25.1,Moped,0,Within SLA,Long Distance
812,321,250,On the way,20.64,55,25,8.87,Electric Bike,30,Breached,Long Distance
813,68,357,Pending,20.53,18,60,2.14,Motorcycle,0,Within SLA,Long Distance
814,1168,102,Delivered,1.73,46,63,41.04,Electric Scooter,0,Within SLA,Short Distance
815,1303,7,Cancelled,42.52,20,23,1.54,Moped,0,Within SLA,Long Distance
816,160,23,Pending,12.93,33,53,31.49,Bike,0,Within SLA,Medium Distance
817,928,433,On the way,49.87,59,62,2.88,Scooter,0,Within SLA,Long Distance
818,531,219,Pending,45,55,34,15.39,Electric Bike,21,Breached,Long Distance
819,1251,75,On the way,6.12,34,63,36.14,Bike,0,Within SLA,Medium Distance
820,350,2,Pending,34.74,34,30,18.43,Scooter,4,Within SLA,Long Distance
821,152,403,Cancelled,1.15,28,54,43.31,Electric Bike,0,Within SLA,Short Distance
822,1463,405,Delivered,20,28,35,11.93,Moped,0,Within SLA,Long Distance
823,570,411,Pending,3.59,49,27,12.96,Motorcycle,22,Breached,Short Distance
824,682,252,On the way,14.32,39,69,4.12,Bike,0,Within SLA,Medium Distance
825,807,39,Delivered,11.52,38,62,18.81,Moped,0,Within SLA,Medium Distance
826,1225,270,Delivered,4.17,41,38,22.49,Bike,3,Within SLA,Short Distance
827,1239,415,On the way,34.04,50,70,9.81,Motorcycle,0,Within SLA,Long Distance
828,339,261,Cancelled,37.84,55,70,37.63,Motorcycle,0,Within SLA,Long Distance
829,1424,140,On the way,3.51,45,59,29.26,Bike,0,Within SLA,Short Distance
830,832,455,Pending,41.91,28,24,21.12,Scooter,4,Within SLA,Long Distance
831,741,452,Pending,13.96,15,22,46.03,Moped,0,Within SLA,Medium Distance
832,440,136,Delivered,36.43,57,59,32.71,Moped,0,Within SLA,Long Distance
833,1165,319,On the way,13.26,49,59,3.44,Bike,0,Within SLA,Medium Distance
834,659,473,On the way,43.77,38,34,42.67,Moped,4,Within SLA,Long Distance
835,1060,283,Cancelled,49.19,21,20,17.02,Scooter,1,Within SLA,Long Distance
836,333,303,Pending,3.11,39,49,47.52,Electric Bike,0,Within SLA,Short Distance
837,1353,381,Delivered,13.33,19,40,37.31,Motorcycle,0,Within SLA,Medium Distance
838,1078,156,On the way,37.1,38,33,43.16,Bike,5,Within SLA,Long Distance
839,132,413,On the way,23.04,52,39,23.83,Moped,13,Breached,Long Distance
840,1334,432,Cancelled,43.73,58,68,22.42,Motorcycle,0,Within SLA,Long Distance
841,615,36,Pending,30.65,31,68,11.9,Motorcycle,0,Within SLA,Long Distance
842,296,483,Delivered,39.43,26,58,1.07,Moped,0,Within SLA,Long Distance
843,1289,343,On the way,45.33,41,51,44.89,Scooter,0,Within SLA,Long Distance
844,1111,392,Pending,10.25,36,44,46.03,Scooter,0,Within SLA,Medium Distance
845,778,40,Pending,40.33,37,50,26.05,Bike,0,Within SLA,Long Distance
846,974,202,On the way,26.98,44,50,13.82,Bike,0,Within SLA,Long Distance
847,1052,405,Delivered,31.47,33,45,38.29,Electric Bike,0,Within SLA,Long Distance
848,1172,251,Cancelled,29.84,16,64,35.88,Bike,0,Within SLA,Long Distance
849,146,374,Delivered,18.22,26,33,14.51,Bike,0,Within SLA,Medium Distance
850,1149,219,Delivered,30.74,60,41,22.63,Electric Scooter,19,Breached,Long Distance
851,809,289,Pending,20.28,15,56,29.75,Moped,0,Within SLA,Long Distance
852,963,405,Delivered,24.37,48,37,37.39,Motorcycle,11,Breached,Long Distance
853,482,376,On the way,38.5,22,31,29.75,Moped,0,Within SLA,Long Distance
854,31,421,On the way,42.89,20,46,40.11,Motorcycle,0,Within SLA,Long Distance
855,777,426,Cancelled,42.36,54,28,12.93,Scooter,26,Breached,Long Distance
856,840,144,Pending,21.44,56,46,30.96,Electric Scooter,10,Breached,Long Distance
857,404,90,Pending,46.84,56,28,4.99,Moped,28,Breached,Long Distance
858,526,472,Cancelled,19.83,40,29,4.83,Motorcycle,11,Breached,Medium Distance
859,856,405,Pending,31.01,60,61,11.04,Electric Bike,0,Within SLA,Long Distance
860,481,437,Delivered,4.47,32,39,9.9,Motorcycle,0,Within SLA,Short Distance
861,823,197,Cancelled,20.07,47,53,9.82,Motorcycle,0,Within SLA,Long Distance
862,434,205,Pending,10.34,53,25,46.04,Motorcycle,28,Breached,Medium Distance
863,725,282,Delivered,45.75,51,47,15.35,Bike,4,Within SLA,Long Distance
864,1185,451,On the way,47.45,43,20,22.44,Electric Scooter,23,Breached,Long Distance
865,731,15,On the way,25.09,28,54,40.66,Scooter,0,Within SLA,Long Distance
866,1362,404,Pending,20,54,24,38.04,Motorcycle,30,Breached,Long Distance
867,825,323,Cancelled,29.62,40,21,39.56,Electric Bike,19,Breached,Long Distance
868,448,277,Pending,26.83,26,57,15.36,Scooter,0,Within SLA,Long Distance
869,595,248,On the way,43.87,34,57,34.13,Electric Bike,0,Within SLA,Long Distance
870,1002,189,Pending,26.65,55,36,19.51,Electric Scooter,19,Breached,Long Distance
871,389,130,Cancelled,6.84,21,67,16.53,Electric Bike,0,Within SLA,Medium Distance
872,483,420,On the way,21.13,17,31,6.64,Electric Scooter,0,Within SLA,Long Distance
873,1270,288,Cancelled,16.97,39,65,37.04,Motorcycle,0,Within SLA,Medium Distance
874,580,277,On the way,17.28,15,69,2.62,Motorcycle,0,Within SLA,Medium Distance
875,1052,343,Delivered,5.86,32,65,36.61,Moped,0,Within SLA,Medium Distance
876,726,482,On the way,42.78,58,24,26.49,Electric Bike,34,Breached,Long Distance
877,728,91,Delivered,46.13,58,57,36.29,Electric Bike,1,Within SLA,Long Distance
878,1353,415,On the way,3.88,28,70,34.77,Electric Scooter,0,Within SLA,Short Distance
879,906,19,Pending,43.85,57,50,35.61,Bike,7,Breached,Long Distance
880,1073,16,Delivered,31.95,40,64,17.07,Scooter,0,Within SLA,Long Distance
881,658,289,Delivered,2.59,39,26,8.77,Electric Scooter,13,Breached,Short Distance
882,149,29,On the way,29.69,28,37,8.38,Bike,0,Within SLA,Long Distance
883,497,417,Cancelled,42.96,16,23,23.02,Bike,0,Within SLA,Long Distance
884,606,113,Pending,36.73,44,41,12.12,Moped,3,Within SLA,Long Distance
885,1171,387,Pending,27.02,41,47,42.11,Bike,0,Within SLA,Long Distance
886,123,380,Delivered,46.85,48,20,29.66,Motorcycle,28,Breached,Long Distance
887,1212,224,Pending,5.65,39,51,11.56,Electric Scooter,0,Within SLA,Medium Distance
888,97,380,Cancelled,34.23,37,52,44.55,Moped,0,Within SLA,Long Distance
889,1150,253,Pending,21.1,36,45,43.83,Moped,0,Within SLA,Long Distance
890,370,32,Delivered,1.72,30,62,9.15,Motorcycle,0,Within SLA,Short Distance
891,368,456,Pending,34.89,59,60,15.23,Electric Scooter,0,Within SLA,Long Distance
892,526,240,Pending,40.83,57,53,25.35,Electric Scooter,4,Within SLA,Long Distance
893,565,171,On the way,35.28,47,24,9.71,Electric Bike,23,Breached,Long Distance
894,714,30,Pending,35.39,19,60,29.24,Moped,0,Within SLA,Long Distance
895,326,476,Delivered,32.53,45,34,36.33,Electric Bike,11,Breached,Long Distance
896,815,212,Pending,46.45,21,33,16.24,Electric Bike,0,Within SLA,Long Distance
897,1186,212,On the way,16.45,33,23,33.76,Electric Bike,10,Breached,Medium Distance
898,409,325,Cancelled,21.83,26,61,15.44,Scooter,0,Within SLA,Long Distance
899,823,177,Pending,13.56,30,21,7.91,Bike,9,Breached,Medium Distance
900,361,210,Delivered,17.5,36,63,27.5,Electric Bike,0,Within SLA,Medium Distance
901,36,427,Pending,20.71,44,65,20.16,Scooter,0,Within SLA,Long Distance
902,1428,79,On the way,37.36,15,56,11.54,Motorcycle,0,Within SLA,Long Distance
903,939,363,On the way,1.93,48,61,36.9,Bike,0,Within SLA,Short Distance
904,1256,470,Pending,9.06,47,69,45.68,Electric Bike,0,Within SLA,Medium Distance
905,595,192,Pending,13.03,19,38,19.45,Electric Scooter,0,Within SLA,Medium Distance
906,284,396,Pending,16.49,49,28,18.32,Bike,21,Breached,Medium Distance
907,835,465,On the way,35.84,25,50,5.94,Motorcycle,0,Within SLA,Long Distance
908,798,401,Pending,46.13,59,43,16.27,Moped,16,Breached,Long Distance
909,582,463,Pending,4.41,53,23,9.84,Moped,30,Breached,Short Distance
910,983,171,Delivered,32.88,49,48,21.45,Moped,1,Within SLA,Long Distance
911,903,425,On the way,41.87,25,67,43.77,Bike,0,Within SLA,Long Distance
912,415,247,Cancelled,46.6,48,62,2.09,Electric Scooter,0,Within SLA,Long Distance
913,276,9,Delivered,24.67,28,29,20.33,Electric Scooter,0,Within SLA,Long Distance
914,747,428,Cancelled,23.06,15,25,6.92,Scooter,0,Within SLA,Long Distance
915,349,392,On the way,9.05,59,68,39.32,Scooter,0,Within SLA,Medium Distance
916,97,82,Cancelled,48.41,31,40,10.21,Electric Bike,0,Within SLA,Long Distance
917,88,490,On the way,11.93,41,47,10.45,Motorcycle,0,Within SLA,Medium Distance
918,1311,18,On the way,47.25,47,66,11.89,Moped,0,Within SLA,Long Distance
919,1062,452,On the way,14.42,22,33,37.98,Motorcycle,0,Within SLA,Medium Distance
920,534,61,Pending,30.69,20,57,5.87,Electric Bike,0,Within SLA,Long Distance
921,162,14,Delivered,14.03,54,41,17.28,Motorcycle,13,Breached,Medium Distance
922,1457,474,Pending,23.79,36,50,24.1,Electric Bike,0,Within SLA,Long Distance
923,606,460,Delivered,34.48,50,55,26.03,Electric Bike,0,Within SLA,Long Distance
924,141,138,Cancelled,46.91,48,58,30.37,Electric Scooter,0,Within SLA,Long Distance
925,692,316,Delivered,47.4,60,40,37.78,Motorcycle,20,Breached,Long Distance
926,1185,37,Delivered,3.48,34,40,21.18,Moped,0,Within SLA,Short Distance
927,395,1,On the way,15.04,21,49,21.09,Moped,0,Within SLA,Medium Distance
928,937,200,Delivered,10.39,17,66,40.31,Motorcycle,0,Within SLA,Medium Distance
929,49,129,On the way,16.47,60,30,14.46,Motorcycle,30,Breached,Medium Distance
930,47,185,Delivered,21.86,21,57,10.07,Motorcycle,0,Within SLA,Long Distance
931,1413,217,Pending,41.5,50,64,47.85,Electric Scooter,0,Within SLA,Long Distance
932,438,199,Pending,5.4,37,54,32.43,Motorcycle,0,Within SLA,Medium Distance
933,150,460,Delivered,28.32,23,20,11.81,Bike,3,Within SLA,Long Distance
934,1345,317,Delivered,23.41,21,25,11.71,Electric Bike,0,Within SLA,Long Distance
935,68,456,Delivered,43.12,46,65,30.03,Scooter,0,Within SLA,Long Distance
936,1370,7,Pending,22.84,27,44,26.54,Scooter,0,Within SLA,Long Distance
937,883,416,Cancelled,36.97,30,57,17.09,Electric Scooter,0,Within SLA,Long Distance
938,995,302,Delivered,16.67,28,39,29.81,Moped,0,Within SLA,Medium Distance
939,1065,99,Cancelled,24.22,37,45,6.14,Electric Bike,0,Within SLA,Long Distance
940,612,27,Cancelled,30.23,37,51,16.73,Motorcycle,0,Within SLA,Long Distance
941,465,459,Delivered,42.95,37,55,39.27,Electric Bike,0,Within SLA,Long Distance
942,801,156,Delivered,31.58,50,38,11.73,Electric Bike,12,Breached,Long Distance
943,282,1,On the way,3.28,18,25,34.24,Motorcycle,0,Within SLA,Short Distance
944,1399,379,Pending,39.09,35,55,33.65,Electric Bike,0,Within SLA,Long Distance
945,198,264,Delivered,25.89,27,54,11.16,Moped,0,Within SLA,Long Distance
946,261,169,Delivered,3.97,18,62,46.76,Moped,0,Within SLA,Short Distance
947,256,333,Cancelled,7.36,58,64,22.07,Bike,0,Within SLA,Medium Distance
948,270,45,Cancelled,46.66,16,26,40.93,Electric Scooter,0,Within SLA,Long Distance
949,1250,242,Cancelled,49.45,50,42,11.28,Scooter,8,Breached,Long Distance
950,1322,99,Cancelled,35.97,48,30,21.25,Electric Bike,18,Breached,Long Distance
951,1420,274,On the way,19.28,22,62,16.6,Motorcycle,0,Within SLA,Medium Distance
952,1124,48,Cancelled,21.52,45,41,12.11,Moped,4,Within SLA,Long Distance
953,1290,107,On the way,16.73,39,38,8.62,Motorcycle,1,Within SLA,Medium Distance
954,1398,36,Pending,41.79,37,64,0.07,Electric Scooter,0,Within SLA,Long Distance
955,706,142,Pending,32.12,46,31,3.62,Scooter,15,Breached,Long Distance
956,1107,185,On the way,22.14,27,66,13.09,Motorcycle,0,Within SLA,Long Distance
957,436,488,Delivered,14.95,31,49,9.08,Moped,0,Within SLA,Medium Distance
958,52,389,Cancelled,18.89,43,35,17.81,Scooter,8,Breached,Medium Distance
959,1398,298,Delivered,40.43,26,28,43.58,Electric Scooter,0,Within SLA,Long Distance
960,277,339,On the way,15.68,56,41,14.79,Scooter,15,Breached,Medium Distance
961,1275,196,Cancelled,35.61,25,27,18.32,Electric Bike,0,Within SLA,Long Distance
962,1314,109,Cancelled,46.94,15,51,46.48,Electric Scooter,0,Within SLA,Long Distance
963,657,258,Pending,44.15,38,55,24.29,Scooter,0,Within SLA,Long Distance
964,455,329,Pending,7.83,46,35,0.9,Motorcycle,11,Breached,Medium Distance
965,701,326,Delivered,5.24,23,32,30.91,Electric Scooter,0,Within SLA,Medium Distance
966,1468,448,Cancelled,4.01,21,58,12.31,Moped,0,Within SLA,Short Distance
967,1435,392,Delivered,27.97,31,50,3.87,Moped,0,Within SLA,Long Distance
968,647,67,Cancelled,3.89,28,35,45.97,Moped,0,Within SLA,Short Distance
969,1180,324,On the way,24.86,52,37,21.58,Moped,15,Breached,Long Distance
970,1298,186,Pending,41.36,31,50,33.84,Electric Scooter,0,Within SLA,Long Distance
971,34,451,Delivered,12.68,51,20,13.06,Scooter,31,Breached,Medium Distance
972,456,487,Delivered,42.65,60,40,7,Electric Bike,20,Breached,Long Distance
973,127,224,On the way,11.9,56,53,14.98,Electric Scooter,3,Within SLA,Medium Distance
974,1172,487,Pending,39.37,34,52,25.17,Electric Bike,0,Within SLA,Long Distance
975,361,202,Cancelled,41.53,55,40,30.43,Scooter,15,Breached,Long Distance
976,501,471,Pending,21.05,58,62,16.9,Scooter,0,Within SLA,Long Distance
977,1046,202,On the way,33.1,22,27,10.17,Bike,0,Within SLA,Long Distance
978,1292,293,On the way,6.32,39,21,10.82,Bike,18,Breached,Medium Distance
979,470,288,On the way,9.59,32,33,6.83,Moped,0,Within SLA,Medium Distance
980,968,326,Delivered,40.26,57,68,19.38,Electric Scooter,0,Within SLA,Long Distance
981,505,330,Pending,10.41,21,50,2.9,Moped,0,Within SLA,Medium Distance
982,1500,410,Delivered,9.67,16,58,27.2,Bike,0,Within SLA,Medium Distance
983,160,44,Pending,1.77,39,65,17.19,Moped,0,Within SLA,Short Distance
984,987,236,Cancelled,29.02,46,44,12.37,Moped,2,Within SLA,Long Distance
985,933,84,Delivered,28.79,17,70,15.12,Scooter,0,Within SLA,Long Distance
986,453,77,Cancelled,45.16,43,40,36.82,Electric Bike,3,Within SLA,Long Distance
987,851,126,On the way,11.59,46,56,41.17,Scooter,0,Within SLA,Medium Distance
988,1191,237,On the way,7.18,57,60,15.77,Electric Scooter,0,Within SLA,Medium Distance
989,295,496,Delivered,30.44,56,26,28.69,Bike,30,Breached,Long Distance
990,50,21,Pending,31.51,22,38,45.22,Scooter,0,Within SLA,Long Distance
991,1102,319,Delivered,18.42,21,61,14.96,Scooter,0,Within SLA,Medium Distance
992,1482,225,Pending,37.62,23,39,3.33,Electric Bike,0,Within SLA,Long Distance
993,280,205,On the way,22.99,51,54,49.6,Motorcycle,0,Within SLA,Long Distance
994,992,152,On the way,1.44,29,45,23.04,Electric Bike,0,Within SLA,Short Distance
995,1211,51,Cancelled,41.51,47,53,16.52,Motorcycle,0,Within SLA,Long Distance
996,792,34,Pending,16.99,38,36,1.68,Electric Scooter,2,Within SLA,Medium Distance
997,652,230,Pending,34.39,54,48,34.05,Electric Bike,6,Breached,Long Distance
998,840,424,Delivered,39.16,16,58,45.93,Motorcycle,0,Within SLA,Long Distance
999,1446,98,Pending,30.44,35,32,43.9,Motorcycle,3,Within SLA,Long Distance
1000,798,447,On the way,32.62,52,40,28.35,Scooter,12,Breached,Long Distance
1001,801,244,Cancelled,35.38,37,50,4.93,Scooter,0,Within SLA,Long Distance
1002,378,377,Cancelled,32.44,41,61,25.91,Motorcycle,0,Within SLA,Long Distance
1003,1477,348,On the way,39.19,55,66,36.4,Bike,0,Within SLA,Long Distance
1004,1355,473,Pending,6.84,46,64,28.63,Motorcycle,0,Within SLA,Medium Distance
1005,605,206,On the way,18.36,50,63,29.91,Moped,0,Within SLA,Medium Distance
1006,343,153,On the way,25.66,16,36,23.32,Scooter,0,Within SLA,Long Distance
1007,1077,46,Delivered,35.17,37,56,3.98,Electric Bike,0,Within SLA,Long Distance
1008,64,248,On the way,28.03,53,57,9.37,Scooter,0,Within SLA,Long Distance
1009,1196,94,On the way,22.94,18,29,38.81,Electric Bike,0,Within SLA,Long Distance
1010,1413,453,Cancelled,40.12,26,32,46.55,Electric Scooter,0,Within SLA,Long Distance
1011,884,300,On the way,11.59,28,31,25.96,Electric Bike,0,Within SLA,Medium Distance
1012,383,15,Delivered,45.47,57,44,13.33,Electric Scooter,13,Breached,Long Distance
1013,894,439,Delivered,6.44,27,52,12.51,Scooter,0,Within SLA,Medium Distance
1014,95,50,Cancelled,33.49,17,31,16.72,Electric Bike,0,Within SLA,Long Distance
1015,1477,433,On the way,44.49,49,59,2.65,Electric Scooter,0,Within SLA,Long Distance
1016,1062,449,Pending,31.04,19,42,48.8,Electric Scooter,0,Within SLA,Long Distance
1017,963,74,On the way,27.15,24,42,39.89,Electric Bike,0,Within SLA,Long Distance
1018,127,260,Delivered,2.42,58,29,25.7,Moped,29,Breached,Short Distance
1019,881,324,Pending,44.8,15,43,45.63,Electric Scooter,0,Within SLA,Long Distance
1020,331,463,On the way,11.99,51,61,12.5,Motorcycle,0,Within SLA,Medium Distance
1021,576,498,Cancelled,1.25,60,28,5.43,Electric Scooter,32,Breached,Short Distance
1022,676,135,Cancelled,27.33,30,46,37.07,Scooter,0,Within SLA,Long Distance
1023,1410,241,Delivered,5.98,43,39,40.24,Motorcycle,4,Within SLA,Medium Distance
1024,804,120,Pending,29.5,52,60,34.25,Scooter,0,Within SLA,Long Distance
1025,650,367,On the way,1.97,50,20,6.59,Electric Bike,30,Breached,Short Distance
1026,766,254,Cancelled,41.45,39,54,36.71,Bike,0,Within SLA,Long Distance
1027,1224,295,On the way,31.79,56,25,36,Bike,31,Breached,Long Distance
1028,342,68,Delivered,11.34,52,48,12.82,Electric Bike,4,Within SLA,Medium Distance
1029,922,430,Cancelled,48.53,23,56,7.63,Scooter,0,Within SLA,Long Distance
1030,1345,286,Pending,33.1,44,23,48.91,Electric Scooter,21,Breached,Long Distance
1031,52,341,On the way,4.26,49,35,4.61,Electric Scooter,14,Breached,Short Distance
1032,391,491,Delivered,4.07,20,25,36.83,Moped,0,Within SLA,Short Distance
1033,125,177,Delivered,32.12,15,66,29.91,Bike,0,Within SLA,Long Distance
1034,375,478,Pending,49.78,60,48,16.29,Motorcycle,12,Breached,Long Distance
1035,47,354,Cancelled,9.2,41,55,23.63,Scooter,0,Within SLA,Medium Distance
1036,1340,194,Delivered,34.55,33,26,0.98,Moped,7,Breached,Long Distance
1037,315,436,On the way,9.56,22,51,7.93,Scooter,0,Within SLA,Medium Distance
1038,703,455,Delivered,7.43,33,36,25.09,Electric Bike,0,Within SLA,Medium Distance
1039,360,19,Delivered,21.47,18,51,35.88,Electric Scooter,0,Within SLA,Long Distance
1040,204,268,Pending,29.33,25,64,41.04,Scooter,0,Within SLA,Long Distance
1041,1325,34,Delivered,35.69,16,33,4.2,Scooter,0,Within SLA,Long Distance
1042,1047,202,On the way,19.3,45,59,43.51,Moped,0,Within SLA,Medium Distance
1043,277,125,Delivered,44.88,49,64,0.59,Bike,0,Within SLA,Long Distance
1044,246,111,Delivered,45.3,53,42,48.75,Scooter,11,Breached,Long Distance
1045,967,216,On the way,11.99,38,29,16.98,Bike,9,Breached,Medium Distance
1046,1360,183,On the way,48.32,57,44,18.85,Moped,13,Breached,Long Distance
1047,871,297,Delivered,24.26,58,49,42.74,Electric Bike,9,Breached,Long Distance
1048,847,193,Pending,13.38,37,65,40.99,Scooter,0,Within SLA,Medium Distance
1049,733,455,Pending,45.09,48,62,31.11,Moped,0,Within SLA,Long Distance
1050,1247,364,On the way,3.34,57,67,41,Scooter,0,Within SLA,Short Distance
1051,978,370,Cancelled,35.57,28,39,14.67,Bike,0,Within SLA,Long Distance
1052,981,474,Pending,29.84,36,32,8.26,Scooter,4,Within SLA,Long Distance
1053,77,299,On the way,4.05,21,70,48.39,Electric Scooter,0,Within SLA,Short Distance
1054,506,114,On the way,23.09,59,37,42.39,Bike,22,Breached,Long Distance
1055,669,270,Delivered,20.39,44,37,46.93,Motorcycle,7,Breached,Long Distance
1056,1117,112,Pending,19.47,24,32,26.21,Moped,0,Within SLA,Medium Distance
1057,638,448,On the way,18.4,40,46,16.22,Scooter,0,Within SLA,Medium Distance
1058,1173,47,Pending,46.09,33,50,49.6,Motorcycle,0,Within SLA,Long Distance
1059,456,83,Cancelled,26.9,32,32,31.64,Scooter,0,Within SLA,Long Distance
1060,1422,161,Pending,2.41,40,45,13.69,Bike,0,Within SLA,Short Distance
1061,385,384,On the way,5.14,22,64,3.17,Bike,0,Within SLA,Medium Distance
1062,726,139,Cancelled,20.33,57,41,25.52,Moped,16,Breached,Long Distance
1063,72,278,On the way,30.92,41,50,21.62,Motorcycle,0,Within SLA,Long Distance
1064,1095,477,Pending,3.14,34,41,6.55,Motorcycle,0,Within SLA,Short Distance
1065,958,268,On the way,25.88,56,69,23.2,Electric Scooter,0,Within SLA,Long Distance
1066,1139,340,On the way,34.61,22,62,4.72,Scooter,0,Within SLA,Long Distance
1067,733,279,Pending,35.94,30,42,13.5,Electric Bike,0,Within SLA,Long Distance
1068,1081,28,Delivered,28.42,34,65,14,Electric Scooter,0,Within SLA,Long Distance
1069,1152,250,Delivered,11.47,40,28,44.16,Motorcycle,12,Breached,Medium Distance
1070,33,378,Cancelled,48.83,51,37,14.82,Bike,14,Breached,Long Distance
1071,1046,380,Cancelled,44.9,58,62,22.15,Moped,0,Within SLA,Long Distance
1072,148,148,On the way,48.3,20,65,11.23,Bike,0,Within SLA,Long Distance
1073,330,183,Pending,10.11,53,36,26.33,Electric Bike,17,Breached,Medium Distance
1074,269,176,On the way,29.14,41,59,47.45,Bike,0,Within SLA,Long Distance
1075,338,457,On the way,46.17,22,42,4.54,Bike,0,Within SLA,Long Distance
1076,417,375,Delivered,43.38,20,67,9.67,Motorcycle,0,Within SLA,Long Distance
1077,131,99,On the way,4.97,32,67,25,Electric Bike,0,Within SLA,Short Distance
1078,1447,224,Delivered,2.44,29,24,41.22,Bike,5,Within SLA,Short Distance
1079,1061,123,Pending,12.16,22,45,37.16,Bike,0,Within SLA,Medium Distance
1080,1093,112,On the way,20.86,40,32,2.88,Electric Bike,8,Breached,Long Distance
1081,365,69,Pending,18.35,21,61,12.02,Scooter,0,Within SLA,Medium Distance
1082,267,27,Delivered,24,35,36,41.82,Electric Bike,0,Within SLA,Long Distance
1083,295,382,On the way,33.83,28,65,35.99,Motorcycle,0,Within SLA,Long Distance
1084,1108,288,Pending,14.54,23,40,2.12,Electric Scooter,0,Within SLA,Medium Distance
1085,1189,489,On the way,12.56,48,50,5.89,Electric Scooter,0,Within SLA,Medium Distance
1086,94,123,Delivered,29.99,48,39,40.99,Scooter,9,Breached,Long Distance
1087,621,301,Pending,46.19,60,30,22.88,Electric Bike,30,Breached,Long Distance
1088,1386,137,On the way,9.21,26,28,35.12,Electric Scooter,0,Within SLA,Medium Distance
1089,1403,300,Pending,4.77,33,49,39.36,Electric Scooter,0,Within SLA,Short Distance
1090,1378,131,Cancelled,6.04,53,21,10.02,Moped,32,Breached,Medium Distance
1091,1214,411,Cancelled,2.62,19,65,4.85,Scooter,0,Within SLA,Short Distance
1092,229,143,Cancelled,38.52,46,58,8.65,Scooter,0,Within SLA,Long Distance
1093,225,434,Cancelled,25.33,52,45,15.42,Scooter,7,Breached,Long Distance
1094,392,27,Pending,32.41,22,35,11.68,Bike,0,Within SLA,Long Distance
1095,669,443,On the way,10.51,16,56,33.81,Bike,0,Within SLA,Medium Distance
1096,746,89,Cancelled,31.35,49,65,42.89,Scooter,0,Within SLA,Long Distance
1097,433,265,Cancelled,11.47,18,58,24.79,Electric Bike,0,Within SLA,Medium Distance
1098,1447,116,Pending,25.07,16,50,32.19,Moped,0,Within SLA,Long Distance
1099,709,438,On the way,36.32,50,51,36.12,Electric Bike,0,Within SLA,Long Distance
1100,914,110,Delivered,26.71,46,39,47.05,Scooter,7,Breached,Long Distance
1101,235,191,On the way,48.8,21,66,24.01,Bike,0,Within SLA,Long Distance
1102,93,186,On the way,48.19,47,60,21.81,Bike,0,Within SLA,Long Distance
1103,1372,273,Delivered,35.18,17,50,10.89,Motorcycle,0,Within SLA,Long Distance
1104,819,231,Delivered,22.83,45,34,37.45,Motorcycle,11,Breached,Long Distance
1105,171,332,Pending,3.57,48,27,27.31,Motorcycle,21,Breached,Short Distance
1106,410,421,On the way,11.56,40,25,17.54,Motorcycle,15,Breached,Medium Distance
1107,740,443,Delivered,19.9,34,36,45.15,Bike,0,Within SLA,Medium Distance
1108,575,478,Delivered,9.62,56,59,44.38,Motorcycle,0,Within SLA,Medium Distance
1109,1327,263,Delivered,49.57,25,51,8.17,Moped,0,Within SLA,Long Distance
1110,1335,447,On the way,46.84,15,36,23.99,Bike,0,Within SLA,Long Distance
1111,1194,372,Pending,34.13,22,66,5.66,Electric Scooter,0,Within SLA,Long Distance
1112,1150,18,On the way,11.15,53,26,34.35,Moped,27,Breached,Medium Distance
1113,996,292,On the way,43.91,42,69,17.12,Electric Scooter,0,Within SLA,Long Distance
1114,1194,382,Pending,14.03,19,36,16.69,Scooter,0,Within SLA,Medium Distance
1115,163,464,Pending,17.74,45,30,49.44,Moped,15,Breached,Medium Distance
1116,642,282,Pending,35.3,60,52,25.07,Scooter,8,Breached,Long Distance
1117,618,432,Delivered,16.12,55,65,45.39,Electric Bike,0,Within SLA,Medium Distance
1118,1460,151,Pending,23.33,21,39,19.72,Electric Bike,0,Within SLA,Long Distance
1119,135,75,Delivered,49.57,15,65,28.4,Electric Bike,0,Within SLA,Long Distance
1120,1,143,Pending,32.11,24,61,47.41,Motorcycle,0,Within SLA,Long Distance
1121,1431,222,Delivered,37.29,58,32,6.76,Electric Scooter,26,Breached,Long Distance
1122,653,184,Pending,11.55,39,54,22.88,Moped,0,Within SLA,Medium Distance
1123,384,317,Pending,34.01,47,40,28.78,Bike,7,Breached,Long Distance
1124,1258,418,On the way,11.6,59,69,14.35,Scooter,0,Within SLA,Medium Distance
1125,359,208,Cancelled,4.34,59,21,21.87,Electric Scooter,38,Breached,Short Distance
1126,1216,233,Delivered,44.62,48,51,22.43,Electric Scooter,0,Within SLA,Long Distance
1127,1248,419,Pending,32.61,51,55,16.38,Motorcycle,0,Within SLA,Long Distance
1128,1270,136,On the way,31.56,54,29,32.04,Motorcycle,25,Breached,Long Distance
1129,1104,103,Delivered,23.66,26,38,11.28,Motorcycle,0,Within SLA,Long Distance
1130,508,179,Delivered,2.35,21,69,27.72,Electric Bike,0,Within SLA,Short Distance
1131,1043,196,On the way,34.01,41,34,49.31,Electric Bike,7,Breached,Long Distance
1132,1357,251,Delivered,20.54,44,29,38.77,Motorcycle,15,Breached,Long Distance
1133,1054,367,Delivered,25.99,39,53,19.7,Electric Scooter,0,Within SLA,Long Distance
1134,355,48,Delivered,38.27,24,21,47.73,Electric Bike,3,Within SLA,Long Distance
1135,280,264,On the way,6.64,28,40,6.14,Moped,0,Within SLA,Medium Distance
1136,1096,52,Cancelled,38.76,24,31,18.25,Bike,0,Within SLA,Long Distance
1137,1307,297,Delivered,36.58,43,34,3.37,Electric Bike,9,Breached,Long Distance
1138,818,175,Delivered,8.81,49,61,16.96,Scooter,0,Within SLA,Medium Distance
1139,1351,465,On the way,39.9,54,39,6.85,Electric Scooter,15,Breached,Long Distance
1140,934,486,Delivered,9.96,50,26,37.03,Electric Bike,24,Breached,Medium Distance
1141,310,113,Pending,40.64,55,53,40.97,Scooter,2,Within SLA,Long Distance
1142,239,119,Pending,42.84,35,49,41.76,Scooter,0,Within SLA,Long Distance
1143,636,427,On the way,13.17,49,27,49.98,Motorcycle,22,Breached,Medium Distance
1144,155,23,On the way,8.51,41,61,33.01,Electric Scooter,0,Within SLA,Medium Distance
1145,1092,296,Pending,41.37,56,20,40.19,Electric Bike,36,Breached,Long Distance
1146,103,78,Pending,46.41,43,60,22.69,Electric Bike,0,Within SLA,Long Distance
1147,497,233,Cancelled,28.87,39,43,16.51,Motorcycle,0,Within SLA,Long Distance
1148,584,420,Delivered,7.9,26,43,0.84,Electric Scooter,0,Within SLA,Medium Distance
1149,671,144,Delivered,42.05,28,42,2.6,Electric Scooter,0,Within SLA,Long Distance
1150,102,200,Cancelled,46.48,59,61,1.48,Electric Scooter,0,Within SLA,Long Distance
1151,521,169,Delivered,49.57,58,47,0.68,Motorcycle,11,Breached,Long Distance
1152,1178,57,On the way,29.18,28,49,25.16,Bike,0,Within SLA,Long Distance
1153,919,173,On the way,20.32,15,40,2.3,Scooter,0,Within SLA,Long Distance
1154,163,335,On the way,45.59,22,27,48.89,Electric Bike,0,Within SLA,Long Distance
1155,970,93,Cancelled,11.6,54,67,22.28,Electric Bike,0,Within SLA,Medium Distance
1156,186,357,On the way,7.19,54,30,45.23,Scooter,24,Breached,Medium Distance
1157,23,414,On the way,4.91,45,51,21.83,Bike,0,Within SLA,Short Distance
1158,447,33,Cancelled,19.25,19,30,46.3,Scooter,0,Within SLA,Medium Distance
1159,733,367,On the way,42.65,59,70,10.01,Electric Bike,0,Within SLA,Long Distance
1160,519,497,Delivered,30.05,38,43,22.44,Scooter,0,Within SLA,Long Distance
1161,435,83,On the way,13.63,51,31,41.54,Scooter,20,Breached,Medium Distance
1162,649,54,Cancelled,27.84,31,22,41.81,Electric Bike,9,Breached,Long Distance
1163,205,403,Delivered,7.86,60,22,4.12,Electric Bike,38,Breached,Medium Distance
1164,187,469,On the way,20.5,34,23,30.19,Electric Bike,11,Breached,Long Distance
1165,997,285,Cancelled,44.17,58,52,31.39,Electric Bike,6,Breached,Long Distance
1166,1277,101,Pending,5.91,51,49,22.9,Moped,2,Within SLA,Medium Distance
1167,181,127,Pending,31.32,38,38,26.7,Scooter,0,Within SLA,Long Distance
1168,694,393,Delivered,8.36,37,31,18.77,Motorcycle,6,Breached,Medium Distance
1169,877,258,On the way,6.91,55,36,36.53,Motorcycle,19,Breached,Medium Distance
1170,815,348,Pending,33.32,27,43,4.46,Scooter,0,Within SLA,Long Distance
1171,484,7,Pending,45.29,38,42,7.97,Bike,0,Within SLA,Long Distance
1172,804,432,Pending,12.58,21,44,0.34,Electric Bike,0,Within SLA,Medium Distance
1173,1450,459,Delivered,11.24,26,36,14.63,Scooter,0,Within SLA,Medium Distance
1174,1374,99,On the way,42.13,30,55,40.78,Scooter,0,Within SLA,Long Distance
1175,1492,180,Delivered,26.87,47,51,39.36,Electric Scooter,0,Within SLA,Long Distance
1176,872,432,Pending,10.8,42,68,9.01,Electric Bike,0,Within SLA,Medium Distance
1177,589,77,Delivered,21.78,33,31,29.93,Bike,2,Within SLA,Long Distance
1178,429,17,On the way,11.82,53,21,45.13,Motorcycle,32,Breached,Medium Distance
1179,631,255,Cancelled,11.7,32,41,31.53,Scooter,0,Within SLA,Medium Distance
1180,1,302,Cancelled,1,22,31,40.72,Motorcycle,0,Within SLA,Short Distance
1181,374,353,Delivered,45.69,44,60,10.72,Electric Bike,0,Within SLA,Long Distance
1182,122,232,Delivered,8.54,17,54,47.42,Electric Bike,0,Within SLA,Medium Distance
1183,269,61,Cancelled,16.83,17,49,3.98,Electric Bike,0,Within SLA,Medium Distance
1184,1330,353,Delivered,20.81,40,60,34.37,Motorcycle,0,Within SLA,Long Distance
1185,1309,68,Delivered,23.12,48,66,45.77,Electric Scooter,0,Within SLA,Long Distance
1186,797,463,On the way,6.7,58,38,40.51,Electric Scooter,20,Breached,Medium Distance
1187,814,84,Cancelled,5.86,51,22,23.77,Electric Scooter,29,Breached,Medium Distance
1188,231,253,On the way,8.32,18,36,35.6,Scooter,0,Within SLA,Medium Distance
1189,1423,283,Cancelled,32.47,52,33,49.43,Bike,19,Breached,Long Distance
1190,452,192,On the way,23.73,59,68,9.08,Scooter,0,Within SLA,Long Distance
1191,55,3,Pending,27.99,48,33,3.96,Scooter,15,Breached,Long Distance
1192,1015,139,On the way,9,42,43,14.79,Moped,0,Within SLA,Medium Distance
1193,658,57,On the way,29.54,36,48,26.04,Scooter,0,Within SLA,Long Distance
1194,294,263,Cancelled,5.56,29,65,12.09,Scooter,0,Within SLA,Medium Distance
1195,1359,475,Pending,48.12,35,48,21.91,Scooter,0,Within SLA,Long Distance
1196,878,116,Cancelled,16.72,57,64,44.26,Electric Scooter,0,Within SLA,Medium Distance
1197,1427,290,Cancelled,8.57,26,50,4.96,Electric Scooter,0,Within SLA,Medium Distance
1198,923,356,Delivered,20.76,30,60,49.23,Electric Scooter,0,Within SLA,Long Distance
1199,128,162,Cancelled,32.75,40,31,23.59,Scooter,9,Breached,Long Distance
1200,93,280,Pending,39.45,16,63,0.8,Electric Bike,0,Within SLA,Long Distance
1201,516,93,Pending,18.29,32,45,29.09,Scooter,0,Within SLA,Medium Distance
1202,1040,223,Delivered,23.55,31,51,46.71,Electric Bike,0,Within SLA,Long Distance
1203,763,56,On the way,25.35,31,66,23.97,Moped,0,Within SLA,Long Distance
1204,471,14,On the way,13.84,38,40,12.85,Moped,0,Within SLA,Medium Distance
1205,1076,125,Cancelled,45.64,20,49,20.7,Scooter,0,Within SLA,Long Distance
1206,381,78,Delivered,19.75,26,29,23.99,Electric Bike,0,Within SLA,Medium Distance
1207,1026,295,Cancelled,21.2,44,25,38.15,Electric Scooter,19,Breached,Long Distance
1208,1262,305,On the way,23.12,46,52,15.45,Electric Bike,0,Within SLA,Long Distance
1209,257,19,Delivered,26.78,31,30,23.4,Moped,1,Within SLA,Long Distance
1210,405,293,On the way,4.75,43,66,36.63,Electric Bike,0,Within SLA,Short Distance
1211,17,275,On the way,7.79,40,35,18.32,Electric Bike,5,Within SLA,Medium Distance
1212,794,136,Cancelled,10.75,16,67,12.83,Moped,0,Within SLA,Medium Distance
1213,51,237,Pending,11.43,16,55,45.18,Bike,0,Within SLA,Medium Distance
1214,67,267,Delivered,1.79,30,30,14.7,Scooter,0,Within SLA,Short Distance
1215,738,149,Cancelled,3.31,28,34,11.87,Bike,0,Within SLA,Short Distance
1216,872,486,Pending,15.54,22,27,42.14,Motorcycle,0,Within SLA,Medium Distance
1217,1247,240,Delivered,35.38,52,34,18.12,Electric Scooter,18,Breached,Long Distance
1218,1470,97,Pending,14.07,53,57,30,Scooter,0,Within SLA,Medium Distance
1219,873,311,Pending,46.43,43,41,0.28,Electric Bike,2,Within SLA,Long Distance
1220,182,89,On the way,9.16,52,36,49.67,Motorcycle,16,Breached,Medium Distance
1221,573,432,Pending,15.81,44,45,3.67,Motorcycle,0,Within SLA,Medium Distance
1222,114,401,Delivered,38.07,52,41,25.46,Electric Scooter,11,Breached,Long Distance
1223,1232,64,On the way,17.23,40,44,17.94,Bike,0,Within SLA,Medium Distance
1224,1092,333,On the way,14.93,28,38,23.56,Electric Bike,0,Within SLA,Medium Distance
1225,1381,425,Delivered,41.27,25,60,22.18,Electric Bike,0,Within SLA,Long Distance
1226,1371,452,Cancelled,43.7,41,70,40.37,Moped,0,Within SLA,Long Distance
1227,718,51,Delivered,31.59,41,55,17.19,Moped,0,Within SLA,Long Distance
1228,1315,155,On the way,5.91,33,70,46.71,Motorcycle,0,Within SLA,Medium Distance
1229,455,467,On the way,24.51,36,62,46.06,Electric Bike,0,Within SLA,Long Distance
1230,1302,174,Pending,10.61,16,51,24.35,Bike,0,Within SLA,Medium Distance
1231,1486,418,Cancelled,13.2,37,26,40.16,Motorcycle,11,Breached,Medium Distance
1232,1492,117,On the way,43.47,51,46,3.02,Moped,5,Within SLA,Long Distance
1233,891,265,Pending,44.77,41,20,21.7,Motorcycle,21,Breached,Long Distance
1234,1334,364,Cancelled,14.48,48,56,16.71,Scooter,0,Within SLA,Medium Distance
1235,611,188,Cancelled,23.64,27,55,7.49,Bike,0,Within SLA,Long Distance
1236,233,112,Cancelled,46.02,15,37,16.21,Scooter,0,Within SLA,Long Distance
1237,12,420,On the way,27.97,36,32,42.21,Scooter,4,Within SLA,Long Distance
1238,1496,118,Delivered,23.77,24,67,46.36,Moped,0,Within SLA,Long Distance
1239,308,92,On the way,40.9,45,28,28.03,Moped,17,Breached,Long Distance
1240,375,28,Pending,14.6,22,69,34.88,Motorcycle,0,Within SLA,Medium Distance
1241,683,125,Delivered,37.67,49,54,15.87,Moped,0,Within SLA,Long Distance
1242,764,239,Cancelled,24.1,38,53,44.78,Bike,0,Within SLA,Long Distance
1243,101,288,Pending,42.92,27,61,28.27,Motorcycle,0,Within SLA,Long Distance
1244,89,256,Cancelled,6.83,55,35,33.48,Bike,20,Breached,Medium Distance
1245,338,432,Delivered,30.98,20,40,31.85,Electric Bike,0,Within SLA,Long Distance
1246,1035,384,Delivered,34.92,34,36,44.12,Electric Bike,0,Within SLA,Long Distance
1247,1196,162,Delivered,24.24,53,51,17.8,Bike,2,Within SLA,Long Distance
1248,994,150,Delivered,19.63,32,48,45.21,Motorcycle,0,Within SLA,Medium Distance
1249,125,313,On the way,24.24,21,33,26.48,Motorcycle,0,Within SLA,Long Distance
1250,100,284,Pending,40.03,42,59,34.15,Moped,0,Within SLA,Long Distance
1251,266,94,Delivered,4.11,26,25,37.8,Scooter,1,Within SLA,Short Distance
1252,286,449,Cancelled,16.17,28,70,20.7,Electric Bike,0,Within SLA,Medium Distance
1253,1264,29,Pending,49.97,15,38,41.53,Electric Bike,0,Within SLA,Long Distance
1254,1438,74,Delivered,25.7,19,38,43.88,Motorcycle,0,Within SLA,Long Distance
1255,687,39,Delivered,41.04,41,42,2.48,Scooter,0,Within SLA,Long Distance
1256,38,386,Delivered,23.5,20,41,37.2,Moped,0,Within SLA,Long Distance
1257,195,388,Delivered,42.57,57,20,24.62,Moped,37,Breached,Long Distance
1258,644,140,Cancelled,34.15,32,66,18.24,Scooter,0,Within SLA,Long Distance
1259,557,239,Cancelled,6.02,36,64,10.79,Electric Bike,0,Within SLA,Medium Distance
1260,1054,136,Cancelled,41.64,50,40,1.6,Moped,10,Breached,Long Distance
1261,190,338,Delivered,42.38,15,64,39.45,Bike,0,Within SLA,Long Distance
1262,1405,116,Delivered,1.86,46,44,39.14,Electric Scooter,2,Within SLA,Short Distance
1263,662,373,Pending,23.44,19,26,22.45,Electric Bike,0,Within SLA,Long Distance
1264,280,408,Pending,21.64,34,67,1.55,Bike,0,Within SLA,Long Distance
1265,65,256,Pending,2.87,17,66,39.25,Bike,0,Within SLA,Short Distance
1266,75,449,Cancelled,45.16,37,34,11.32,Motorcycle,3,Within SLA,Long Distance
1267,1230,271,Pending,26.5,20,65,29.8,Electric Bike,0,Within SLA,Long Distance
1268,1344,17,On the way,14.15,48,66,44.3,Motorcycle,0,Within SLA,Medium Distance
1269,688,227,Pending,20.67,45,66,20.81,Electric Bike,0,Within SLA,Long Distance
1270,1012,320,Cancelled,49.48,25,57,18.2,Electric Bike,0,Within SLA,Long Distance
1271,1326,217,Delivered,29.5,55,50,38.77,Motorcycle,5,Within SLA,Long Distance
1272,1223,414,Delivered,26.65,29,42,6.12,Motorcycle,0,Within SLA,Long Distance
1273,1460,8,Delivered,13.81,49,50,23.69,Moped,0,Within SLA,Medium Distance
1274,404,485,Pending,19.14,18,41,30.72,Moped,0,Within SLA,Medium Distance
1275,705,186,Pending,44.3,30,53,7.2,Scooter,0,Within SLA,Long Distance
1276,1096,303,On the way,44.8,47,54,46.7,Motorcycle,0,Within SLA,Long Distance
1277,448,311,Cancelled,32.11,42,69,26.22,Motorcycle,0,Within SLA,Long Distance
1278,147,37,Delivered,43.51,45,27,24.74,Electric Scooter,18,Breached,Long Distance
1279,795,125,Cancelled,36.88,25,52,42.9,Bike,0,Within SLA,Long Distance
1280,288,241,Delivered,2.52,30,55,46.75,Moped,0,Within SLA,Short Distance
1281,77,331,Cancelled,13.08,37,52,37.97,Scooter,0,Within SLA,Medium Distance
1282,173,44,Delivered,41.71,31,43,33.98,Motorcycle,0,Within SLA,Long Distance
1283,1443,52,Delivered,46.11,45,29,25.64,Moped,16,Breached,Long Distance
1284,578,150,Delivered,8.81,37,46,22.38,Scooter,0,Within SLA,Medium Distance
1285,362,99,Pending,31.15,50,51,8.14,Electric Scooter,0,Within SLA,Long Distance
1286,1275,158,Delivered,29.91,57,61,6.98,Scooter,0,Within SLA,Long Distance
1287,461,185,Pending,35.34,22,39,43.24,Bike,0,Within SLA,Long Distance
1288,104,134,Pending,15.89,26,54,2.47,Scooter,0,Within SLA,Medium Distance
1289,608,15,Pending,43.49,49,24,12.01,Scooter,25,Breached,Long Distance
1290,970,478,Cancelled,32.31,23,33,34.79,Motorcycle,0,Within SLA,Long Distance
1291,856,226,On the way,17.78,58,70,39.86,Bike,0,Within SLA,Medium Distance
1292,748,381,Pending,1.38,18,63,49.58,Scooter,0,Within SLA,Short Distance
1293,1147,187,Pending,10.04,21,50,14.33,Electric Bike,0,Within SLA,Medium Distance
1294,1015,387,Cancelled,43.84,50,34,10,Electric Scooter,16,Breached,Long Distance
1295,628,331,Cancelled,14.14,35,69,44.04,Scooter,0,Within SLA,Medium Distance
1296,1463,491,On the way,36.83,34,56,36.4,Motorcycle,0,Within SLA,Long Distance
1297,1357,91,On the way,20.73,18,55,37.34,Bike,0,Within SLA,Long Distance
1298,1213,464,Delivered,42.95,55,60,20.51,Electric Bike,0,Within SLA,Long Distance
1299,24,481,Pending,1.37,25,31,27.67,Electric Bike,0,Within SLA,Short Distance
1300,620,120,Pending,21.35,35,24,28.73,Motorcycle,11,Breached,Long Distance
1301,1360,45,Pending,6.79,58,22,37.24,Motorcycle,36,Breached,Medium Distance
1302,321,80,On the way,23.28,34,35,43.1,Electric Scooter,0,Within SLA,Long Distance
1303,919,122,On the way,15.4,45,36,47.76,Electric Scooter,9,Breached,Medium Distance
1304,206,124,Cancelled,39.97,42,51,1.98,Bike,0,Within SLA,Long Distance
1305,591,436,Cancelled,27.59,43,29,48.59,Motorcycle,14,Breached,Long Distance
1306,1024,44,On the way,8.27,18,42,49.71,Bike,0,Within SLA,Medium Distance
1307,816,177,On the way,2.16,23,34,3.42,Bike,0,Within SLA,Short Distance
1308,1191,216,Delivered,33.2,19,28,3.53,Electric Scooter,0,Within SLA,Long Distance
1309,1420,273,Cancelled,11.31,60,60,13.44,Scooter,0,Within SLA,Medium Distance
1310,745,254,Delivered,22.64,41,34,44.61,Moped,7,Breached,Long Distance
1311,675,225,Pending,30.27,31,25,49.8,Electric Bike,6,Breached,Long Distance
1312,980,237,On the way,32.14,45,33,14.77,Moped,12,Breached,Long Distance
1313,517,123,Pending,6.88,30,57,14.91,Electric Bike,0,Within SLA,Medium Distance
1314,1053,393,Pending,42.28,37,30,42.57,Electric Scooter,7,Breached,Long Distance
1315,251,383,Cancelled,34.54,38,41,30.73,Electric Scooter,0,Within SLA,Long Distance
1316,1024,268,On the way,12.9,58,55,35.14,Electric Bike,3,Within SLA,Medium Distance
1317,1266,306,Pending,12.99,26,31,26.32,Scooter,0,Within SLA,Medium Distance
1318,279,332,Pending,23.2,23,22,4.82,Moped,1,Within SLA,Long Distance
1319,6,107,Cancelled,49.32,16,22,22.35,Electric Scooter,0,Within SLA,Long Distance
1320,23,31,Cancelled,15.58,45,27,11.21,Scooter,18,Breached,Medium Distance
1321,76,136,Delivered,4.96,43,63,49.29,Scooter,0,Within SLA,Short Distance
1322,359,328,Cancelled,37.05,56,55,16.86,Scooter,1,Within SLA,Long Distance
1323,142,99,Pending,45.27,39,22,26.6,Electric Bike,17,Breached,Long Distance
1324,1126,89,On the way,25.98,16,35,24.86,Scooter,0,Within SLA,Long Distance
1325,1214,290,On the way,15.1,31,65,10.14,Electric Bike,0,Within SLA,Medium Distance
1326,385,249,Cancelled,15.09,22,27,18.71,Scooter,0,Within SLA,Medium Distance
1327,468,431,Pending,19.35,18,37,35.2,Motorcycle,0,Within SLA,Medium Distance
1328,264,88,Pending,29.09,29,56,36.01,Scooter,0,Within SLA,Long Distance
1329,502,344,On the way,35.02,58,62,19.96,Electric Scooter,0,Within SLA,Long Distance
1330,293,313,Cancelled,10.12,38,58,9.7,Scooter,0,Within SLA,Medium Distance
1331,1138,492,Delivered,26.36,32,29,27.42,Motorcycle,3,Within SLA,Long Distance
1332,499,301,Pending,41.05,30,51,44.04,Scooter,0,Within SLA,Long Distance
1333,1016,33,On the way,25.01,26,68,22.36,Electric Bike,0,Within SLA,Long Distance
1334,467,353,Pending,15.43,59,47,30.45,Bike,12,Breached,Medium Distance
1335,922,147,On the way,28.01,32,24,36.27,Bike,8,Breached,Long Distance
1336,779,151,Delivered,38.27,36,44,12.11,Motorcycle,0,Within SLA,Long Distance
1337,458,205,Pending,5.75,30,21,0.85,Scooter,9,Breached,Medium Distance
1338,1421,56,On the way,19.14,18,41,1.63,Electric Scooter,0,Within SLA,Medium Distance
1339,399,437,Pending,10.89,54,37,2.36,Scooter,17,Breached,Medium Distance
1340,233,500,Delivered,5.57,47,35,27.78,Moped,12,Breached,Medium Distance
1341,444,261,Pending,16.04,59,23,29.31,Motorcycle,36,Breached,Medium Distance
1342,54,36,Cancelled,32.14,43,49,13.52,Bike,0,Within SLA,Long Distance
1343,619,327,On the way,48.01,29,68,29.37,Electric Scooter,0,Within SLA,Long Distance
1344,1189,36,Pending,7.28,55,50,25.99,Moped,5,Within SLA,Medium Distance
1345,139,471,On the way,38.77,46,48,11.74,Electric Scooter,0,Within SLA,Long Distance
1346,58,176,Cancelled,10.86,43,40,32.15,Bike,3,Within SLA,Medium Distance
1347,339,317,Cancelled,35.98,28,70,3.33,Bike,0,Within SLA,Long Distance
1348,114,94,Cancelled,33.86,21,46,33.44,Scooter,0,Within SLA,Long Distance
1349,104,410,Delivered,1.16,37,35,8.26,Electric Scooter,2,Within SLA,Short Distance
1350,457,327,Cancelled,4.9,41,38,8.28,Motorcycle,3,Within SLA,Short Distance
1351,623,113,Delivered,12.31,20,25,49.32,Electric Scooter,0,Within SLA,Medium Distance
1352,130,123,On the way,43.54,57,43,5.03,Scooter,14,Breached,Long Distance
1353,1209,481,Cancelled,47.26,35,69,27.97,Electric Scooter,0,Within SLA,Long Distance
1354,225,289,On the way,32.92,23,36,3.06,Moped,0,Within SLA,Long Distance
1355,805,14,Delivered,44.29,52,56,17.01,Scooter,0,Within SLA,Long Distance
1356,494,353,Cancelled,12.82,36,57,24.95,Moped,0,Within SLA,Medium Distance
1357,787,282,Pending,41.94,17,41,46.75,Motorcycle,0,Within SLA,Long Distance
1358,1266,191,Delivered,38.33,46,46,10.03,Moped,0,Within SLA,Long Distance
1359,1059,273,On the way,26.56,56,55,48.33,Motorcycle,1,Within SLA,Long Distance
1360,1127,235,On the way,17.52,37,68,8.77,Scooter,0,Within SLA,Medium Distance
1361,457,62,Pending,30.87,55,28,30.41,Bike,27,Breached,Long Distance
1362,994,255,On the way,31.83,34,49,15.72,Electric Scooter,0,Within SLA,Long Distance
1363,1087,401,Delivered,27.08,17,46,12.66,Electric Scooter,0,Within SLA,Long Distance
1364,955,299,Cancelled,40.96,26,29,0.71,Bike,0,Within SLA,Long Distance
1365,410,102,Pending,6.35,60,51,2.77,Moped,9,Breached,Medium Distance
1366,1479,390,Delivered,10.07,27,40,37.29,Moped,0,Within SLA,Medium Distance
1367,688,491,Pending,17.99,54,43,17.41,Motorcycle,11,Breached,Medium Distance
1368,26,460,On the way,34.16,56,24,7.82,Bike,32,Breached,Long Distance
1369,222,255,Cancelled,45.5,58,57,9.05,Bike,1,Within SLA,Long Distance
1370,669,219,Cancelled,25.19,42,23,6.22,Bike,19,Breached,Long Distance
1371,1075,228,Cancelled,2.95,19,38,43.37,Motorcycle,0,Within SLA,Short Distance
1372,279,331,On the way,46.8,36,60,24.55,Moped,0,Within SLA,Long Distance
1373,1108,267,Cancelled,15.17,27,62,44.77,Scooter,0,Within SLA,Medium Distance
1374,870,253,Pending,12.51,38,58,46.83,Motorcycle,0,Within SLA,Medium Distance
1375,232,469,Cancelled,32.02,29,24,2.17,Scooter,5,Within SLA,Long Distance
1376,164,394,On the way,36.38,54,45,17.49,Electric Bike,9,Breached,Long Distance
1377,210,76,On the way,12.02,36,60,49.7,Scooter,0,Within SLA,Medium Distance
1378,1118,372,Delivered,22.79,41,22,6.3,Moped,19,Breached,Long Distance
1379,1081,123,Delivered,15.33,53,54,31.35,Electric Bike,0,Within SLA,Medium Distance
1380,1293,327,Delivered,6.33,24,27,6.5,Bike,0,Within SLA,Medium Distance
1381,477,370,Cancelled,3.38,48,34,38.23,Bike,14,Breached,Short Distance
1382,336,243,Pending,19.86,48,42,14.2,Scooter,6,Breached,Medium Distance
1383,1408,34,Cancelled,2.56,41,55,42.7,Scooter,0,Within SLA,Short Distance
1384,1163,374,Delivered,32.55,52,55,18.25,Scooter,0,Within SLA,Long Distance
1385,1485,122,On the way,24.12,42,35,9.59,Motorcycle,7,Breached,Long Distance
1386,612,147,Delivered,45.84,41,41,3.53,Electric Bike,0,Within SLA,Long Distance
1387,277,223,Cancelled,35.56,15,70,9.02,Moped,0,Within SLA,Long Distance
1388,610,207,Delivered,13.92,44,49,11.04,Electric Scooter,0,Within SLA,Medium Distance
1389,698,383,Cancelled,1.91,38,43,21.03,Electric Bike,0,Within SLA,Short Distance
1390,1230,66,On the way,34.16,24,41,1.72,Electric Bike,0,Within SLA,Long Distance
1391,37,459,Pending,37.71,60,43,48.05,Electric Scooter,17,Breached,Long Distance
1392,175,345,On the way,32.54,47,57,5.83,Scooter,0,Within SLA,Long Distance
1393,655,432,Pending,14.15,56,49,32.19,Motorcycle,7,Breached,Medium Distance
1394,1487,322,Cancelled,23.12,37,41,29.37,Electric Scooter,0,Within SLA,Long Distance
1395,1196,56,Delivered,25.96,17,58,42.28,Electric Scooter,0,Within SLA,Long Distance
1396,1260,194,On the way,11.17,35,26,16.29,Scooter,9,Breached,Medium Distance
1397,934,60,Delivered,37.07,40,37,48.41,Electric Scooter,3,Within SLA,Long Distance
1398,814,9,On the way,8.57,44,57,0.53,Electric Scooter,0,Within SLA,Medium Distance
1399,956,441,Delivered,6.51,58,28,43.63,Moped,30,Breached,Medium Distance
1400,309,303,Delivered,49.19,22,43,6.79,Moped,0,Within SLA,Long Distance
1401,1394,344,Cancelled,45.31,32,48,38.34,Electric Scooter,0,Within SLA,Long Distance
1402,779,74,Cancelled,23.9,26,44,29.95,Electric Bike,0,Within SLA,Long Distance
1403,177,94,Cancelled,7.62,44,35,20.32,Moped,9,Breached,Medium Distance
1404,1024,306,On the way,12.26,46,54,8.5,Bike,0,Within SLA,Medium Distance
1405,1010,425,Cancelled,34.53,42,43,38.16,Bike,0,Within SLA,Long Distance
1406,1038,7,Pending,20.87,53,48,45.16,Moped,5,Within SLA,Long Distance
1407,1055,255,On the way,9.58,15,32,22.61,Scooter,0,Within SLA,Medium Distance
1408,1239,499,On the way,38.99,23,34,11.22,Electric Bike,0,Within SLA,Long Distance
1409,827,274,On the way,30.29,35,41,17.95,Moped,0,Within SLA,Long Distance
1410,1144,29,On the way,32.72,36,37,14.26,Electric Scooter,0,Within SLA,Long Distance
1411,1496,100,On the way,22.76,34,35,33.5,Electric Scooter,0,Within SLA,Long Distance
1412,585,102,Cancelled,46.65,19,26,4.82,Scooter,0,Within SLA,Long Distance
1413,1096,81,On the way,4.8,32,33,27.99,Moped,0,Within SLA,Short Distance
1414,551,145,Delivered,27.57,41,20,26.15,Moped,21,Breached,Long Distance
1415,1349,78,On the way,35.07,29,48,42.65,Bike,0,Within SLA,Long Distance
1416,136,314,Cancelled,1.98,22,30,40.91,Electric Bike,0,Within SLA,Short Distance
1417,850,40,Delivered,3.23,43,65,24.2,Motorcycle,0,Within SLA,Short Distance
1418,1451,174,On the way,49.85,56,57,25.86,Bike,0,Within SLA,Long Distance
1419,268,438,Pending,37.75,50,55,23.56,Bike,0,Within SLA,Long Distance
1420,1098,40,Pending,38.38,56,31,23.07,Electric Scooter,25,Breached,Long Distance
1421,194,144,Delivered,24.54,22,61,13.54,Scooter,0,Within SLA,Long Distance
1422,1345,266,Delivered,14.62,36,34,23.48,Moped,2,Within SLA,Medium Distance
1423,322,199,Delivered,8.8,60,56,26.12,Bike,4,Within SLA,Medium Distance
1424,606,34,Pending,24.85,28,56,40.39,Motorcycle,0,Within SLA,Long Distance
1425,1237,78,Pending,41.23,59,49,19.96,Electric Scooter,10,Breached,Long Distance
1426,105,308,Pending,26.54,49,60,37.89,Bike,0,Within SLA,Long Distance
1427,289,213,Delivered,42.47,32,24,47.46,Scooter,8,Breached,Long Distance
1428,441,112,Delivered,21.82,20,28,5.83,Electric Bike,0,Within SLA,Long Distance
1429,564,5,Pending,9.22,25,30,43.67,Bike,0,Within SLA,Medium Distance
1430,219,31,On the way,16.2,47,37,24.9,Moped,10,Breached,Medium Distance
1431,1337,302,Delivered,2.13,27,63,44.29,Motorcycle,0,Within SLA,Short Distance
1432,1478,28,On the way,25.27,36,59,2.16,Electric Bike,0,Within SLA,Long Distance
1433,328,137,Cancelled,6.75,60,56,48.79,Electric Scooter,4,Within SLA,Medium Distance
1434,59,130,On the way,11.12,57,65,36.53,Scooter,0,Within SLA,Medium Distance
1435,172,137,Delivered,31.69,55,62,32.92,Electric Scooter,0,Within SLA,Long Distance
1436,1403,353,Cancelled,4.11,41,67,49.4,Electric Scooter,0,Within SLA,Short Distance
1437,1027,120,Cancelled,34.05,48,42,10.36,Motorcycle,6,Breached,Long Distance
1438,1173,254,Delivered,42.05,45,69,47.1,Moped,0,Within SLA,Long Distance
1439,891,467,On the way,24.37,24,49,30.11,Electric Scooter,0,Within SLA,Long Distance
1440,422,32,Delivered,32.24,19,33,47.93,Electric Bike,0,Within SLA,Long Distance
1441,1269,5,On the way,13.02,37,24,47.55,Motorcycle,13,Breached,Medium Distance
1442,285,12,On the way,32.98,30,37,15.73,Electric Scooter,0,Within SLA,Long Distance
1443,765,246,Delivered,30.49,53,54,36.71,Motorcycle,0,Within SLA,Long Distance
1444,499,73,Cancelled,12.62,27,68,5.11,Moped,0,Within SLA,Medium Distance
1445,1302,286,Pending,35.58,22,57,33.49,Moped,0,Within SLA,Long Distance
1446,271,162,On the way,41.84,19,56,41.21,Motorcycle,0,Within SLA,Long Distance
1447,481,314,Pending,31.28,52,58,27.91,Bike,0,Within SLA,Long Distance
1448,997,337,On the way,37.43,23,61,41.93,Motorcycle,0,Within SLA,Long Distance
1449,995,382,Cancelled,33.7,37,34,16.54,Electric Bike,3,Within SLA,Long Distance
1450,1452,14,Pending,41.53,21,65,24.04,Moped,0,Within SLA,Long Distance
1451,1096,144,Pending,27.28,26,40,39.41,Bike,0,Within SLA,Long Distance
1452,276,310,On the way,22.94,22,67,39.04,Electric Bike,0,Within SLA,Long Distance
1453,1429,231,Delivered,39.65,55,20,20.17,Motorcycle,35,Breached,Long Distance
1454,1062,356,On the way,15.04,57,52,33.74,Electric Bike,5,Within SLA,Medium Distance
1455,81,431,Cancelled,37.09,51,21,5.12,Moped,30,Breached,Long Distance
1456,258,355,On the way,40.12,60,21,22.39,Electric Scooter,39,Breached,Long Distance
1457,484,98,Delivered,33.13,25,22,21.76,Moped,3,Within SLA,Long Distance
1458,1200,234,Cancelled,12.21,57,20,19,Moped,37,Breached,Medium Distance
1459,491,300,Pending,6.33,24,24,17.31,Electric Bike,0,Within SLA,Medium Distance
1460,1264,267,On the way,18.22,28,53,1.95,Moped,0,Within SLA,Medium Distance
1461,764,194,Delivered,20.94,20,45,49.22,Motorcycle,0,Within SLA,Long Distance
1462,395,121,Pending,40.1,23,29,0.09,Scooter,0,Within SLA,Long Distance
1463,297,35,On the way,7.23,40,50,13.74,Moped,0,Within SLA,Medium Distance
1464,483,424,Delivered,13.41,18,47,3.42,Scooter,0,Within SLA,Medium Distance
1465,529,2,Pending,30.02,47,69,2.81,Bike,0,Within SLA,Long Distance
1466,117,247,Cancelled,39.25,58,43,3.84,Moped,15,Breached,Long Distance
1467,172,401,Cancelled,21.41,41,41,27.85,Electric Bike,0,Within SLA,Long Distance
1468,1486,101,Delivered,12.78,20,70,46.1,Electric Bike,0,Within SLA,Medium Distance
1469,561,462,Cancelled,30.54,18,47,13.65,Electric Scooter,0,Within SLA,Long Distance
1470,967,327,Cancelled,49.64,27,49,43.19,Moped,0,Within SLA,Long Distance
1471,1381,259,Delivered,32.1,28,29,31.36,Motorcycle,0,Within SLA,Long Distance
1472,751,181,On the way,4.38,46,36,10.89,Scooter,10,Breached,Short Distance
1473,1437,260,Delivered,47.3,40,58,36.98,Electric Scooter,0,Within SLA,Long Distance
1474,834,217,On the way,23.06,46,46,32.01,Bike,0,Within SLA,Long Distance
1475,1141,78,Delivered,2.23,31,41,45.49,Bike,0,Within SLA,Short Distance
1476,1497,101,On the way,15.26,30,44,11.5,Moped,0,Within SLA,Medium Distance
1477,1155,365,Delivered,5.87,34,66,38,Moped,0,Within SLA,Medium Distance
1478,1053,302,Pending,23.29,42,43,36.39,Moped,0,Within SLA,Long Distance
1479,595,86,Pending,45.71,47,42,10.18,Electric Bike,5,Within SLA,Long Distance
1480,785,304,Delivered,20.5,52,64,40.08,Motorcycle,0,Within SLA,Long Distance
1481,55,438,Cancelled,14.45,20,23,49.65,Electric Scooter,0,Within SLA,Medium Distance
1482,531,331,Pending,24.28,30,24,1.01,Electric Bike,6,Breached,Long Distance
1483,661,118,On the way,33.78,50,49,45.95,Scooter,1,Within SLA,Long Distance
1484,1144,271,Delivered,47.96,17,63,17.74,Scooter,0,Within SLA,Long Distance
1485,1277,493,Pending,32.78,26,21,24.05,Electric Scooter,5,Within SLA,Long Distance
1486,472,42,On the way,41.71,42,41,38.57,Moped,1,Within SLA,Long Distance
1487,688,351,On the way,46.96,18,23,24.45,Electric Scooter,0,Within SLA,Long Distance
1488,892,155,Delivered,1.52,42,40,43.21,Electric Bike,2,Within SLA,Short Distance
1489,1341,99,Delivered,20.91,56,23,20.81,Moped,33,Breached,Long Distance
1490,1230,91,Cancelled,37.04,40,59,24.93,Scooter,0,Within SLA,Long Distance
1491,1438,98,Cancelled,45.32,51,62,12,Bike,0,Within SLA,Long Distance
1492,355,109,Delivered,28.13,54,21,41.58,Electric Scooter,33,Breached,Long Distance
1493,1101,470,Cancelled,34.07,18,69,48.55,Motorcycle,0,Within SLA,Long Distance
1494,1478,409,Cancelled,24.82,43,69,8.98,Electric Bike,0,Within SLA,Long Distance
1495,1185,215,Delivered,7.48,48,65,42.23,Motorcycle,0,Within SLA,Medium Distance
1496,1469,160,On the way,44.29,21,27,24.76,Bike,0,Within SLA,Long Distance
1497,486,400,Delivered,28.13,37,21,18.72,Electric Scooter,16,Breached,Long Distance
1498,565,22,Cancelled,5.47,56,59,11.47,Motorcycle,0,Within SLA,Medium Distance
1499,1130,173,Cancelled,8.78,37,41,38.49,Motorcycle,0,Within SLA,Medium Distance
1500,595,369,Pending,42.23,44,64,34.54,Motorcycle,0,Within SLA,Long Distance
