order_id,customer_id,restaurant_id,order_date,delivery_time,order_status,total_amount,payment_mode,feedback_rating,total_fulfillment_minutes,discount_applied
1,114,73,01-07-2024 17:42,01-07-2024 18:49,Delivered,3098.28,Cash,1.41,67,33.25
2,402,68,31-05-2025 07:42,31-05-2025 08:44,Cancelled,83.87,Credit Card,1.21,62,37.85
3,46,30,20-10-2024 00:02,20-10-2024 01:28,Pending,4250.01,Credit Card,0.67,86,33.45
4,235,181,13-11-2023 12:48,13-11-2023 14:10,Delivered,1180.55,Cash,3.16,82,23.01
5,445,10,24-07-2024 13:45,24-07-2024 15:09,Delivered,4741.26,UPI,3.58,84,36.78
6,192,20,17-06-2024 14:39,17-06-2024 15:57,Pending,904.78,Cash,0.28,78,41.56
7,98,175,01-12-2024 22:02,01-12-2024 22:50,Delivered,4189.78,UPI,1.94,48,16.41
8,485,43,04-04-2024 20:17,04-04-2024 21:23,Pending,1717.02,UPI,0.9,66,48.91
9,472,158,12-10-2024 20:05,12-10-2024 21:24,Pending,4379.38,Credit Card,0.15,79,22.45
10,271,196,07-02-2025 16:13,07-02-2025 16:58,Delivered,658.37,UPI,4.73,45,12.83
11,137,192,11-12-2023 12:26,11-12-2023 13:42,Pending,4600.6,UPI,2.23,76,39.57
12,270,181,30-09-2024 07:52,30-09-2024 08:23,Cancelled,1935.19,UPI,4.84,31,7.66
13,301,109,07-11-2023 00:34,07-11-2023 01:40,Pending,396.93,Credit Card,0.94,66,18.66
14,208,189,20-02-2024 02:07,20-02-2024 03:05,Pending,3274.69,Cash,0.64,58,23.93
15,188,155,14-08-2023 20:55,14-08-2023 21:38,Cancelled,4417.59,Credit Card,2.37,43,23.7
16,243,139,01-12-2024 09:25,01-12-2024 10:41,Cancelled,492.38,Cash,2.23,76,26.67
17,189,131,09-07-2024 21:27,09-07-2024 22:17,Pending,989.98,Cash,2,50,38.68
18,241,36,09-11-2024 10:13,09-11-2024 11:31,Cancelled,1055.79,Credit Card,0.86,78,26.94
19,258,113,25-10-2023 09:46,25-10-2023 11:01,Delivered,2045.16,UPI,2.56,75,46.3
20,480,7,17-03-2025 04:34,17-03-2025 05:52,Cancelled,503.54,Credit Card,0.49,78,11.97
21,85,184,27-05-2025 17:48,27-05-2025 18:46,Pending,4675.2,UPI,3.26,58,36.7
22,295,27,26-05-2024 13:56,26-05-2024 14:29,Pending,2908.85,UPI,2.9,33,8.2
23,413,187,23-10-2023 22:25,23-10-2023 23:03,Delivered,4927.02,Credit Card,1.67,38,44.68
24,233,77,10-01-2025 11:28,10-01-2025 12:40,Delivered,4120.23,Cash,4.01,72,38.19
25,276,43,29-09-2023 01:16,29-09-2023 02:27,Cancelled,4089.3,Cash,4.72,71,42.76
26,56,138,18-03-2025 08:44,18-03-2025 09:44,Pending,495.38,UPI,1.13,60,28.1
27,221,174,06-09-2023 16:47,06-09-2023 17:22,Pending,1547.38,UPI,1.74,35,42.21
28,242,180,12-08-2024 08:15,12-08-2024 09:17,Cancelled,3990.77,UPI,4.63,62,46.72
29,247,96,02-01-2024 02:19,02-01-2024 03:26,Pending,653.1,Credit Card,3.28,67,20.3
30,475,20,01-12-2023 09:19,01-12-2023 10:25,Pending,3571.21,Credit Card,3.72,66,17.2
31,459,63,18-11-2023 21:09,18-11-2023 21:45,Delivered,3431.37,Cash,2.4,36,44.38
32,243,40,20-05-2025 05:53,20-05-2025 07:14,Cancelled,1637.52,Cash,2.09,81,27.46
33,303,140,17-09-2024 13:31,17-09-2024 14:54,Pending,4545.35,Cash,0.5,83,17.25
34,233,72,23-05-2025 13:51,23-05-2025 15:02,Cancelled,2734.94,Credit Card,1.18,71,2.55
35,104,177,18-08-2024 19:37,18-08-2024 21:04,Pending,964.15,Credit Card,1.29,87,9.81
36,75,200,15-03-2024 12:44,15-03-2024 13:16,Cancelled,4788.95,Cash,0.5,32,12.48
37,388,146,13-09-2024 10:45,13-09-2024 12:05,Pending,918,Cash,2.36,80,24.24
38,234,31,17-05-2025 02:32,17-05-2025 03:05,Delivered,4774.84,Credit Card,3.76,33,45.3
39,263,104,15-09-2024 05:11,15-09-2024 06:41,Delivered,4062.4,Credit Card,0.04,90,26.97
40,94,6,01-11-2024 14:39,01-11-2024 16:03,Delivered,712.9,Cash,4.7,84,21.41
41,386,46,24-09-2023 10:02,24-09-2023 11:29,Pending,4398.7,Credit Card,4.38,87,11.78
42,368,7,09-09-2024 23:40,10-09-2024 00:37,Pending,1093.85,Cash,2.01,57,31.1
43,157,44,27-10-2024 12:54,27-10-2024 13:43,Delivered,2695.68,Credit Card,0.62,49,39.28
44,299,57,26-04-2024 05:21,26-04-2024 06:02,Pending,4352.73,Credit Card,1.22,41,28.84
45,34,12,30-08-2024 11:14,30-08-2024 12:09,Delivered,1877.41,Cash,0.12,55,27.11
46,88,138,08-11-2024 17:02,08-11-2024 17:44,Pending,2132.75,Credit Card,1.25,42,11.33
47,73,117,05-05-2024 07:36,05-05-2024 08:54,Delivered,1474.71,UPI,1.35,78,48.74
48,170,191,11-10-2023 03:19,11-10-2023 03:49,Pending,4143.23,Credit Card,2.61,30,29.62
49,81,3,13-12-2023 00:08,13-12-2023 00:48,Delivered,770.17,Credit Card,2.67,40,43.25
50,51,184,08-10-2023 03:07,08-10-2023 04:36,Cancelled,115.04,UPI,3.27,89,42.45
51,426,53,28-01-2024 23:30,29-01-2024 00:03,Pending,2002.4,Credit Card,2.27,33,25.29
52,426,117,23-12-2024 02:53,23-12-2024 03:44,Delivered,3530,Credit Card,0.17,51,1.57
53,386,56,18-08-2024 11:01,18-08-2024 12:26,Cancelled,588.81,UPI,3.15,85,29.98
54,164,145,21-05-2024 03:36,21-05-2024 04:42,Pending,2183.03,Cash,2.18,66,31.1
55,56,12,13-09-2024 10:10,13-09-2024 10:47,Pending,648.31,Cash,3.42,37,12.37
56,127,94,11-10-2023 05:03,11-10-2023 05:53,Cancelled,2216.33,Cash,4.69,50,12.33
57,311,103,20-12-2024 03:26,20-12-2024 04:09,Pending,2398.53,Cash,0.81,43,49.27
58,167,164,29-12-2024 16:51,29-12-2024 17:43,Pending,4947.1,UPI,4.96,52,9.83
59,244,82,06-10-2024 18:47,06-10-2024 20:10,Delivered,560.09,UPI,1.29,83,41.77
60,205,20,17-09-2024 17:44,17-09-2024 18:42,Cancelled,2227.71,Credit Card,4.1,58,7.5
61,215,103,02-08-2024 10:20,02-08-2024 10:59,Cancelled,1360.65,Credit Card,3.87,39,29.92
62,226,34,28-04-2024 10:23,28-04-2024 11:09,Pending,1519.66,UPI,0.95,46,35.53
63,226,66,12-03-2024 13:10,12-03-2024 14:05,Delivered,2382.52,Credit Card,1.76,55,47.43
64,192,174,06-12-2024 08:56,06-12-2024 09:35,Pending,1317.2,UPI,3.29,39,27.48
65,437,129,23-10-2023 06:31,23-10-2023 07:37,Pending,2857.87,Cash,4.47,66,44.47
66,194,122,25-09-2024 02:58,25-09-2024 04:03,Delivered,1551.5,UPI,2.21,65,36.52
67,487,155,01-04-2024 14:31,01-04-2024 15:37,Cancelled,2372.5,UPI,3.11,66,1.25
68,364,61,28-07-2023 12:41,28-07-2023 13:54,Cancelled,3139.12,UPI,3.26,73,6.66
69,139,97,12-09-2023 04:01,12-09-2023 04:52,Cancelled,1688.28,Cash,4.08,51,43.65
70,114,123,13-09-2024 22:16,13-09-2024 23:26,Pending,2454.87,UPI,3.45,70,42.4
71,326,136,09-12-2023 18:43,09-12-2023 20:13,Cancelled,2414.06,Credit Card,2.44,90,8.65
72,135,92,03-06-2025 00:46,03-06-2025 01:55,Delivered,3895.69,Cash,4.58,69,26.68
73,230,133,14-09-2023 22:06,14-09-2023 23:23,Cancelled,2270.56,Cash,2.84,77,30.39
74,346,25,05-05-2024 01:24,05-05-2024 02:26,Pending,1849.33,Cash,4.28,62,18.26
75,287,58,01-09-2023 10:56,01-09-2023 11:48,Cancelled,2503.35,Credit Card,4.74,52,43.42
76,494,51,13-02-2024 16:21,13-02-2024 17:12,Cancelled,1301.25,Credit Card,1.08,51,28.4
77,425,45,29-04-2024 08:05,29-04-2024 08:35,Cancelled,1947.63,Credit Card,2.69,30,10.55
78,153,106,28-03-2024 23:34,29-03-2024 00:38,Delivered,4536.07,Credit Card,0.85,64,37.96
79,168,43,01-07-2025 18:58,01-07-2025 20:26,Pending,3925.69,UPI,0.67,88,7.57
80,8,182,27-04-2025 03:48,27-04-2025 04:25,Delivered,749.97,Cash,1.74,37,4.23
81,219,15,28-07-2024 22:59,29-07-2024 00:09,Cancelled,4321.9,UPI,1.93,70,15.01
82,9,127,02-09-2023 07:13,02-09-2023 08:25,Delivered,2491.4,UPI,3.73,72,22.26
83,292,178,17-04-2025 18:36,17-04-2025 19:55,Delivered,616.59,UPI,1.24,79,39.29
84,348,110,27-12-2024 09:43,27-12-2024 10:14,Cancelled,2954.58,UPI,4.8,31,7.68
85,279,85,12-07-2025 07:20,12-07-2025 07:53,Cancelled,451.92,Cash,2.23,33,26.06
86,348,33,28-11-2024 09:51,28-11-2024 10:36,Pending,73.03,Cash,3.9,45,24.99
87,335,158,24-09-2023 15:19,24-09-2023 16:30,Cancelled,542.4,UPI,3.77,71,44.29
88,335,52,09-04-2025 13:03,09-04-2025 13:55,Pending,3417.29,UPI,2.02,52,10.87
89,148,1,10-04-2024 13:22,10-04-2024 14:15,Delivered,3452.23,Cash,2.25,53,12.86
90,122,28,26-11-2023 20:21,26-11-2023 20:59,Delivered,480.38,Credit Card,1.65,38,15.02
91,488,32,28-04-2025 04:15,28-04-2025 05:13,Delivered,4219.43,Cash,1.05,58,24.27
92,298,61,30-03-2024 08:45,30-03-2024 09:32,Pending,1584.62,UPI,4.87,47,19.3
93,166,190,23-01-2024 21:11,23-01-2024 22:30,Pending,2619.32,Credit Card,1.39,79,46.85
94,243,91,06-06-2025 08:04,06-06-2025 09:08,Pending,228.46,UPI,4.4,64,38.99
95,67,181,05-03-2024 10:38,05-03-2024 11:39,Pending,2763.44,Cash,4.98,61,44.1
96,378,179,15-10-2023 22:32,15-10-2023 23:32,Cancelled,2317.13,Credit Card,2.24,60,21.71
97,478,196,14-10-2023 09:11,14-10-2023 09:43,Delivered,4342.45,Cash,3.37,32,31.88
98,396,92,05-08-2024 04:36,05-08-2024 05:16,Pending,1624.75,UPI,0.24,40,27.98
99,204,68,28-07-2024 18:44,28-07-2024 19:35,Pending,4683.28,Cash,1.9,51,28.1
100,107,121,21-05-2025 22:55,21-05-2025 23:50,Delivered,1718,Credit Card,0.79,55,27.71
101,362,191,20-01-2025 14:19,20-01-2025 14:49,Cancelled,4949.62,Cash,4.06,30,23.16
102,134,181,14-08-2023 12:09,14-08-2023 13:00,Pending,4123.27,Credit Card,0.48,51,46.95
103,189,179,14-10-2023 12:00,14-10-2023 13:02,Cancelled,360.02,Cash,3.39,62,46.49
104,99,16,29-03-2025 18:33,29-03-2025 19:05,Pending,4324.81,Credit Card,4.84,32,45.7
105,497,38,19-10-2023 07:07,19-10-2023 07:42,Delivered,1762.06,Credit Card,0.57,35,11.98
106,315,168,28-07-2023 18:22,28-07-2023 19:31,Cancelled,4335.55,UPI,4.63,69,27.67
107,106,26,25-06-2024 12:53,25-06-2024 13:51,Pending,768.31,Cash,2.47,58,41.02
108,159,46,27-03-2025 23:57,28-03-2025 01:09,Pending,4798.07,Credit Card,2.67,72,11.18
109,415,170,09-05-2024 05:25,09-05-2024 06:45,Pending,4497.98,Credit Card,2.54,80,20.17
110,153,91,12-09-2024 16:46,12-09-2024 17:24,Cancelled,4906.29,Cash,1.33,38,0.67
111,202,91,02-09-2024 15:43,02-09-2024 16:30,Pending,2393.06,UPI,4.15,47,3.68
112,227,84,01-07-2024 05:39,01-07-2024 06:18,Delivered,2619.48,UPI,3.25,39,14.94
113,61,53,16-10-2024 01:42,16-10-2024 02:14,Pending,3949.95,Cash,3.13,32,15.21
114,209,60,04-04-2024 18:38,04-04-2024 19:21,Delivered,2365.68,Cash,3.77,43,47.76
115,267,136,16-01-2024 03:41,16-01-2024 04:14,Cancelled,2972.65,Cash,4.39,33,22.25
116,167,36,16-07-2023 02:02,16-07-2023 02:36,Delivered,996.66,Cash,3.45,34,13
117,456,1,19-07-2023 15:23,19-07-2023 16:30,Delivered,2000.2,UPI,1.12,67,21.47
118,327,20,09-01-2025 15:20,09-01-2025 16:31,Delivered,3674.41,Credit Card,1.21,71,13.15
119,121,112,02-01-2024 03:07,02-01-2024 03:39,Delivered,3759.4,UPI,1.4,32,32.78
120,254,80,08-04-2024 00:32,08-04-2024 02:02,Pending,4156.08,Cash,3.53,90,45.43
121,260,166,22-10-2023 00:37,22-10-2023 01:55,Delivered,4726.41,Cash,4.11,78,8.81
122,135,151,18-04-2024 23:03,19-04-2024 00:12,Pending,1221.67,Credit Card,2.47,69,28.77
123,88,196,27-12-2024 14:58,27-12-2024 16:02,Pending,4449.36,Cash,1.8,64,26.04
124,258,103,05-05-2025 15:25,05-05-2025 16:14,Pending,4285.55,Credit Card,4.07,49,13.61
125,249,159,22-04-2025 10:23,22-04-2025 11:23,Pending,3157.83,Credit Card,4.48,60,48.71
126,91,142,12-12-2024 23:54,13-12-2024 00:52,Cancelled,2130.61,UPI,3.4,58,41.45
127,67,180,30-10-2024 12:56,30-10-2024 14:19,Delivered,3545.96,Credit Card,2.21,83,8.66
128,232,74,03-09-2024 01:39,03-09-2024 02:40,Cancelled,2317.21,Credit Card,0.39,61,11.14
129,179,43,28-12-2023 10:48,28-12-2023 11:27,Pending,1733.39,Credit Card,1.11,39,29.27
130,417,192,21-11-2024 00:20,21-11-2024 01:43,Delivered,4008.85,Credit Card,2.01,83,2.42
131,239,160,07-08-2023 00:18,07-08-2023 01:47,Cancelled,3492.94,UPI,3.49,89,12.3
132,144,21,14-09-2023 00:18,14-09-2023 01:30,Cancelled,70.79,Credit Card,4,72,29.86
133,288,128,01-02-2024 19:50,01-02-2024 20:24,Pending,777.65,Credit Card,0.6,34,46.42
134,492,30,25-10-2023 01:32,25-10-2023 02:32,Delivered,154.53,UPI,0.14,60,29.78
135,426,77,12-03-2024 20:45,12-03-2024 21:46,Delivered,1257.05,UPI,0.64,61,4.01
136,476,2,16-11-2023 23:55,17-11-2023 00:46,Delivered,1890.38,Cash,2.54,51,40.25
137,331,127,29-08-2023 08:59,29-08-2023 10:29,Cancelled,2589.79,Credit Card,4.55,90,25.47
138,54,177,25-12-2024 08:22,25-12-2024 09:24,Cancelled,2457.58,Credit Card,4.85,62,16.81
139,83,24,12-08-2023 19:28,12-08-2023 20:24,Delivered,1615.52,UPI,4.74,56,20.43
140,294,117,21-06-2024 06:08,21-06-2024 06:48,Delivered,21.54,Cash,0.52,40,21.54
141,411,108,14-10-2023 20:12,14-10-2023 20:58,Pending,3607.57,Credit Card,0.18,46,12.25
142,35,142,16-04-2025 17:01,16-04-2025 17:57,Delivered,4668.9,Cash,0.28,56,4.59
143,25,24,23-11-2024 00:43,23-11-2024 01:14,Pending,3183.88,Cash,0.58,31,19.46
144,446,141,21-04-2025 21:50,21-04-2025 23:00,Pending,215.29,Cash,4.28,70,27.02
145,134,13,29-06-2025 11:54,29-06-2025 12:48,Cancelled,3175.13,Credit Card,4.59,54,20.44
146,189,106,24-03-2024 15:17,24-03-2024 15:51,Pending,2959.8,Cash,2.2,34,44.45
147,286,16,08-12-2023 17:34,08-12-2023 18:28,Delivered,2823.74,Cash,1.36,54,32.64
148,196,64,15-01-2024 12:34,15-01-2024 13:27,Pending,3531.53,UPI,2.78,53,48.37
149,328,142,16-03-2025 14:29,16-03-2025 15:16,Delivered,3417.3,Credit Card,1.97,47,18.16
150,470,50,23-11-2024 03:40,23-11-2024 04:33,Pending,951.38,UPI,1.12,53,8.02
151,185,176,11-07-2024 04:59,11-07-2024 06:14,Delivered,3334.69,Credit Card,0.44,75,16.49
152,222,26,22-01-2024 10:31,22-01-2024 11:28,Cancelled,1562.25,UPI,2.72,57,15.05
153,414,63,15-08-2023 21:31,15-08-2023 22:31,Cancelled,1891.04,UPI,4.36,60,5.63
154,319,111,06-11-2023 03:02,06-11-2023 03:35,Delivered,2988.95,Credit Card,1.06,33,18.09
155,317,18,19-07-2024 05:31,19-07-2024 06:25,Delivered,3901.29,Credit Card,3.56,54,25.38
156,451,166,07-12-2024 09:50,07-12-2024 11:01,Cancelled,4132.4,Credit Card,2.95,71,1.58
157,157,93,13-05-2024 19:37,13-05-2024 20:42,Pending,730.01,Credit Card,2.66,65,18.14
158,81,122,24-10-2024 06:57,24-10-2024 07:59,Delivered,2809.22,UPI,2.09,62,49.56
159,420,192,14-09-2023 06:53,14-09-2023 07:38,Delivered,1871.1,Cash,1.94,45,47.61
160,170,157,26-10-2023 06:25,26-10-2023 07:45,Delivered,439.04,UPI,3.14,80,14.49
161,58,2,26-05-2025 19:24,26-05-2025 20:49,Cancelled,741.44,Cash,0.7,85,11.56
162,229,154,01-07-2024 19:55,01-07-2024 21:03,Cancelled,1534.98,UPI,0.21,68,33.97
163,316,5,25-10-2024 18:35,25-10-2024 20:04,Pending,976.57,UPI,2.01,89,28.26
164,333,3,15-02-2024 21:24,15-02-2024 22:32,Delivered,1811.18,UPI,0.86,68,3.46
165,249,159,06-02-2024 13:48,06-02-2024 15:08,Cancelled,3774.69,Cash,0.15,80,23.22
166,328,153,20-11-2023 12:29,20-11-2023 13:19,Delivered,913.56,UPI,3.15,50,8.02
167,300,70,15-01-2025 16:54,15-01-2025 18:07,Delivered,3737.94,Cash,3.52,73,23.39
168,487,157,01-11-2023 14:43,01-11-2023 15:57,Pending,2135.5,Credit Card,2.8,74,12.23
169,444,87,08-06-2025 17:23,08-06-2025 18:39,Cancelled,2909.1,UPI,0.55,76,4.44
170,464,119,27-05-2024 15:40,27-05-2024 17:05,Delivered,1521.27,Credit Card,0.13,85,8.23
171,227,7,23-02-2025 19:44,23-02-2025 20:22,Delivered,1401.14,UPI,0.26,38,48.95
172,124,24,12-03-2025 17:09,12-03-2025 17:59,Pending,3405.03,Cash,3.31,50,21.2
173,212,37,18-11-2023 19:22,18-11-2023 20:18,Cancelled,1483.28,Cash,0.21,56,15.47
174,240,20,23-08-2023 19:34,23-08-2023 20:39,Cancelled,94.1,Cash,2.13,65,42.6
175,350,147,28-09-2023 00:39,28-09-2023 02:01,Cancelled,1258.82,Cash,3.82,82,16.47
176,51,190,12-12-2024 22:52,12-12-2024 23:56,Delivered,3162.7,Cash,0.41,64,11.82
177,345,134,30-11-2023 13:37,30-11-2023 15:00,Pending,2262.29,Cash,0.47,83,25.32
178,439,65,03-08-2023 14:21,03-08-2023 15:46,Delivered,4862.83,UPI,3.64,85,18.51
179,183,86,03-01-2025 20:50,03-01-2025 21:40,Pending,1802.57,UPI,0.4,50,25.17
180,22,7,11-02-2024 12:29,11-02-2024 13:54,Cancelled,2748.86,UPI,2.5,85,47.4
181,357,62,29-01-2024 15:25,29-01-2024 16:55,Pending,4332.63,UPI,4.26,90,25.19
182,222,136,13-11-2023 17:20,13-11-2023 18:11,Delivered,2382.46,UPI,1.22,51,47.18
183,290,65,02-06-2024 08:43,02-06-2024 10:11,Delivered,2684.79,Credit Card,1.45,88,25.12
184,354,93,10-06-2024 17:26,10-06-2024 18:03,Pending,868.69,Credit Card,4.51,37,48.79
185,129,14,17-07-2024 06:04,17-07-2024 06:54,Pending,1592.83,UPI,0.86,50,34.97
186,389,25,23-02-2024 05:35,23-02-2024 06:43,Cancelled,944.17,UPI,4.26,68,4.95
187,150,159,22-08-2024 22:59,22-08-2024 23:29,Delivered,823.38,UPI,2.09,30,1.6
188,56,190,24-04-2025 15:09,24-04-2025 16:26,Delivered,272.63,Cash,2.95,77,28.57
189,403,34,15-02-2024 23:41,16-02-2024 00:31,Pending,4396.23,Credit Card,2.99,50,46.41
190,78,148,06-08-2024 03:13,06-08-2024 03:49,Pending,1913.96,Credit Card,1.02,36,40.92
191,104,117,21-12-2023 16:36,21-12-2023 17:41,Pending,63.02,UPI,2.58,65,39.71
192,487,164,14-03-2025 14:39,14-03-2025 15:55,Cancelled,765.36,UPI,0.32,76,28.08
193,74,71,22-09-2024 15:17,22-09-2024 16:08,Cancelled,1578.23,Credit Card,2.82,51,35.68
194,227,178,03-10-2023 15:50,03-10-2023 17:07,Delivered,2169.89,Credit Card,0.95,77,9.87
195,188,100,22-01-2025 18:39,22-01-2025 19:48,Pending,4962.79,Credit Card,4.38,69,18.77
196,29,159,22-04-2025 00:41,22-04-2025 01:56,Delivered,3228.35,UPI,2.68,75,42.7
197,263,140,21-10-2023 20:18,21-10-2023 21:20,Delivered,1462.23,Credit Card,0.98,62,49.97
198,91,142,28-10-2023 07:53,28-10-2023 09:17,Cancelled,312.87,UPI,4.62,84,3.11
199,181,176,14-08-2023 18:31,14-08-2023 19:52,Delivered,4261.42,Credit Card,2.89,81,26.83
200,314,32,07-05-2025 11:14,07-05-2025 12:13,Delivered,4661.42,Cash,3.27,59,8.12
201,288,115,09-03-2024 00:20,09-03-2024 01:49,Cancelled,2310.97,UPI,0.16,89,16.31
202,150,176,12-10-2024 04:05,12-10-2024 05:01,Cancelled,73.38,Cash,2.05,56,28.61
203,144,168,05-11-2023 04:41,05-11-2023 06:04,Pending,744.34,Credit Card,4.82,83,27.53
204,7,95,26-06-2025 03:39,26-06-2025 04:28,Pending,268.94,Credit Card,2.41,49,45.67
205,5,95,25-07-2024 03:10,25-07-2024 03:51,Pending,4720.23,Credit Card,3.42,41,17.82
206,430,138,04-05-2024 07:04,04-05-2024 07:59,Cancelled,628.91,Credit Card,2.04,55,19.31
207,404,13,31-08-2023 11:33,31-08-2023 12:32,Delivered,378.63,Credit Card,1.21,59,13.28
208,110,118,10-07-2025 08:34,10-07-2025 09:56,Cancelled,786.05,UPI,2.35,82,15.72
209,98,52,15-07-2024 19:37,15-07-2024 21:03,Delivered,1529.84,Credit Card,1.71,86,45.29
210,302,120,03-07-2025 08:53,03-07-2025 09:40,Delivered,1508.12,UPI,2.54,47,46.94
211,181,196,15-03-2025 11:54,15-03-2025 12:31,Cancelled,2352.1,Credit Card,3.18,37,5.45
212,240,16,30-04-2025 08:16,30-04-2025 09:08,Delivered,4942.07,Cash,0.39,52,41.55
213,75,101,18-11-2023 13:55,18-11-2023 14:42,Delivered,488.77,Cash,4.34,47,14.34
214,167,21,30-06-2024 13:26,30-06-2024 14:47,Pending,1941.41,Credit Card,2.69,81,48.75
215,462,183,07-03-2024 11:26,07-03-2024 12:40,Cancelled,988.37,Credit Card,3.69,74,45.99
216,41,120,20-12-2023 21:37,20-12-2023 22:58,Delivered,1219.65,Cash,0.59,81,23.39
217,144,69,15-07-2024 18:01,15-07-2024 19:27,Delivered,1185.39,UPI,3.25,86,43.77
218,76,27,28-07-2023 04:27,28-07-2023 05:27,Cancelled,3663.63,Cash,3.03,60,23.9
219,324,105,21-04-2025 18:53,21-04-2025 20:06,Cancelled,4019.37,UPI,0.05,73,3.36
220,324,39,25-12-2024 08:08,25-12-2024 09:25,Pending,1669.04,UPI,4.51,77,4.33
221,14,133,24-02-2024 00:11,24-02-2024 00:56,Cancelled,2847.57,UPI,0.96,45,47.66
222,325,194,19-08-2024 00:36,19-08-2024 01:51,Delivered,1448.55,Credit Card,0.35,75,32.51
223,358,130,28-10-2023 02:29,28-10-2023 03:46,Delivered,3744.27,Credit Card,1.39,77,21.85
224,364,45,01-12-2023 00:31,01-12-2023 01:03,Delivered,2321.89,Credit Card,2.87,32,19.95
225,425,115,07-11-2024 19:36,07-11-2024 20:47,Delivered,1980.39,Credit Card,3.7,71,30.06
226,379,116,02-08-2023 03:22,02-08-2023 04:34,Pending,1695.71,Credit Card,3.76,72,37.71
227,3,50,13-06-2024 18:46,13-06-2024 19:41,Delivered,4466.51,Cash,0.33,55,10.12
228,478,156,19-11-2024 03:32,19-11-2024 04:28,Pending,3210.98,Credit Card,4.29,56,0.13
229,77,34,25-08-2024 06:51,25-08-2024 07:43,Cancelled,2663.3,UPI,3.25,52,32.65
230,411,135,20-04-2024 05:57,20-04-2024 07:20,Cancelled,4686.88,UPI,3.29,83,46.45
231,275,178,04-02-2025 03:07,04-02-2025 03:40,Pending,2102.08,Cash,3.79,33,36.29
232,314,16,14-02-2024 07:04,14-02-2024 07:57,Delivered,3825.98,Credit Card,3.47,53,12.69
233,465,166,17-02-2024 15:32,17-02-2024 16:22,Pending,4429.59,UPI,1.53,50,16.4
234,73,25,19-05-2024 05:08,19-05-2024 06:13,Pending,924.9,Cash,1.04,65,11.61
235,455,121,28-11-2024 19:56,28-11-2024 20:34,Cancelled,4268.98,UPI,1.91,38,22.44
236,412,196,19-05-2024 02:02,19-05-2024 03:26,Cancelled,4883.69,UPI,0.95,84,26.38
237,250,102,28-01-2025 08:25,28-01-2025 08:57,Pending,1392.59,Credit Card,4.32,32,29
238,290,23,16-07-2023 19:13,16-07-2023 20:13,Delivered,4788.41,Cash,1.63,60,42.97
239,259,124,16-07-2024 01:04,16-07-2024 02:02,Pending,3030.72,Cash,0.51,58,6.5
240,365,36,12-11-2024 17:52,12-11-2024 18:42,Cancelled,3742.87,UPI,1.34,50,18.54
241,92,116,13-02-2025 11:52,13-02-2025 12:51,Cancelled,2360.43,Cash,3.22,59,6.45
242,427,45,15-06-2025 11:11,15-06-2025 11:46,Pending,3810.78,UPI,4.7,35,5.59
243,251,142,08-12-2024 06:25,08-12-2024 07:47,Cancelled,4118.66,UPI,1.44,82,36.5
244,21,155,26-09-2023 17:16,26-09-2023 18:25,Cancelled,3117.32,UPI,2.21,69,35.43
245,176,60,11-06-2024 22:28,11-06-2024 23:29,Delivered,1486.89,UPI,2.76,61,11.43
246,241,1,18-12-2023 12:30,18-12-2023 13:44,Pending,1179.32,UPI,3.88,74,22.36
247,72,54,26-04-2025 14:40,26-04-2025 16:09,Pending,4986.07,Cash,3.67,89,41.69
248,215,148,01-05-2025 23:54,02-05-2025 01:21,Delivered,494.62,Credit Card,2.1,87,15.53
249,51,86,25-02-2024 13:11,25-02-2024 14:22,Cancelled,2675.91,Cash,4.39,71,47.11
250,483,91,03-12-2023 04:21,03-12-2023 04:51,Pending,2379.73,Credit Card,0.56,30,45.02
251,151,198,24-09-2024 21:22,24-09-2024 22:27,Delivered,1271.63,Cash,2.44,65,40.3
252,385,109,25-07-2024 02:29,25-07-2024 03:34,Delivered,4234.69,UPI,2.69,65,26.21
253,88,190,05-04-2024 01:06,05-04-2024 01:38,Pending,716.2,UPI,3.28,32,11.53
254,87,195,26-09-2023 13:24,26-09-2023 14:32,Delivered,1311.54,UPI,1.77,68,22.84
255,158,125,18-07-2024 19:58,18-07-2024 21:26,Pending,318.75,Credit Card,2.56,88,6.8
256,360,17,07-08-2023 15:25,07-08-2023 16:54,Delivered,1047.24,UPI,0.84,89,6.02
257,155,23,29-01-2025 21:55,29-01-2025 23:14,Cancelled,3189.95,Credit Card,1.46,79,44.11
258,128,151,30-07-2023 05:12,30-07-2023 06:42,Delivered,759.13,UPI,3.85,90,43
259,422,76,30-08-2024 00:37,30-08-2024 01:42,Delivered,1766.63,Cash,0.75,65,25.63
260,316,147,20-01-2025 07:48,20-01-2025 08:36,Delivered,4792.02,Credit Card,3.78,48,36.26
261,27,94,14-04-2025 03:37,14-04-2025 04:59,Delivered,2826.03,Credit Card,0.73,82,29.58
262,162,163,27-11-2024 23:07,27-11-2024 23:53,Cancelled,4890.49,Credit Card,2.81,46,1.95
263,34,185,08-02-2024 21:19,08-02-2024 22:02,Delivered,688.8,Cash,3.58,43,19.19
264,129,18,13-12-2024 19:31,13-12-2024 20:20,Delivered,376.11,UPI,2.84,49,40.14
265,247,14,13-07-2023 20:07,13-07-2023 20:49,Cancelled,2538.42,Credit Card,3.91,42,33.25
266,335,45,28-08-2024 11:27,28-08-2024 12:13,Cancelled,2945.19,UPI,0.41,46,25.44
267,317,150,14-11-2023 11:47,14-11-2023 12:48,Pending,2769.14,Cash,2.34,61,48.66
268,367,190,20-05-2025 02:03,20-05-2025 03:04,Cancelled,3980.39,UPI,4.32,61,25.48
269,448,77,09-09-2023 15:13,09-09-2023 16:30,Cancelled,2917.66,Cash,2.62,77,15.09
270,85,198,27-09-2024 13:00,27-09-2024 13:46,Pending,2473,Credit Card,1.36,46,35.99
271,14,48,16-11-2024 14:06,16-11-2024 14:36,Delivered,714.16,Cash,0.44,30,40.35
272,87,9,02-08-2023 14:24,02-08-2023 15:22,Delivered,3943.43,Credit Card,0.12,58,46.67
273,381,31,04-11-2023 23:16,05-11-2023 00:46,Cancelled,717.38,UPI,2.63,90,18
274,4,110,24-08-2023 11:27,24-08-2023 12:27,Cancelled,2776.97,Cash,3.29,60,1.96
275,196,9,27-12-2023 10:34,27-12-2023 11:49,Delivered,4506.03,UPI,4.19,75,24.25
276,373,18,14-12-2023 22:24,14-12-2023 23:38,Pending,1564.55,UPI,3.65,74,2.91
277,12,105,11-09-2024 04:12,11-09-2024 05:28,Pending,1786.04,Cash,1.32,76,49.15
278,382,46,09-05-2025 16:08,09-05-2025 16:59,Delivered,1611.5,Credit Card,4.53,51,1.58
279,35,51,20-06-2025 18:54,20-06-2025 20:11,Pending,3919.79,Cash,2.01,77,18.08
280,235,123,18-02-2025 04:14,18-02-2025 05:24,Delivered,4452.29,Credit Card,0.93,70,37.44
281,71,190,20-04-2025 14:17,20-04-2025 14:51,Pending,3159.15,Cash,2.73,34,39.71
282,397,174,03-03-2024 19:37,03-03-2024 20:36,Cancelled,3832.33,UPI,0.5,59,32.18
283,399,67,29-04-2024 17:27,29-04-2024 18:44,Pending,3386.48,Cash,0.32,77,45.78
284,265,124,01-12-2024 04:12,01-12-2024 05:28,Delivered,3512.98,Credit Card,4.79,76,37.19
285,172,67,28-05-2024 22:01,28-05-2024 23:27,Delivered,3960.42,UPI,4.29,86,7.3
286,11,153,16-05-2024 01:21,16-05-2024 01:58,Delivered,1249.1,Cash,4.04,37,18.07
287,192,146,29-07-2024 15:47,29-07-2024 16:46,Delivered,396.86,Credit Card,1.56,59,33.95
288,247,34,05-08-2024 03:57,05-08-2024 05:13,Cancelled,2482.66,Cash,0.49,76,11.87
289,253,144,10-12-2023 05:10,10-12-2023 06:18,Pending,2924.99,UPI,1.18,68,44.12
290,337,46,25-07-2023 07:54,25-07-2023 09:24,Pending,2930.84,Cash,0.38,90,27.28
291,316,54,30-08-2023 07:34,30-08-2023 08:09,Delivered,2392.91,UPI,0.46,35,49.95
292,476,83,11-09-2023 23:12,12-09-2023 00:26,Delivered,1106,Cash,3.9,74,14.83
293,478,50,25-07-2024 06:22,25-07-2024 07:23,Cancelled,749.85,UPI,1.84,61,15.38
294,153,63,18-02-2025 08:19,18-02-2025 08:55,Delivered,4322.61,UPI,1.1,36,44.56
295,31,121,27-04-2025 10:26,27-04-2025 11:08,Delivered,769.98,UPI,3.8,42,31.3
296,254,170,05-01-2025 01:30,05-01-2025 02:30,Pending,1592.59,Credit Card,2.45,60,11.38
297,174,122,31-05-2024 05:42,31-05-2024 06:22,Pending,3447.88,Cash,1.04,40,18.79
298,118,139,28-12-2023 00:23,28-12-2023 01:51,Cancelled,4887.17,UPI,4.68,88,16.5
299,427,103,17-01-2024 09:34,17-01-2024 10:46,Pending,942.66,Credit Card,1.54,72,8.43
300,448,54,24-04-2024 07:16,24-04-2024 07:54,Cancelled,2671.26,UPI,1.49,38,4.36
301,335,116,23-11-2023 14:30,23-11-2023 15:15,Cancelled,502.36,Credit Card,0.57,45,40.75
302,426,128,12-06-2025 00:56,12-06-2025 02:23,Pending,437.59,UPI,0.09,87,0.85
303,303,106,10-05-2024 23:50,11-05-2024 00:26,Delivered,4738.49,Credit Card,0.61,36,46.24
304,264,148,30-07-2024 23:28,31-07-2024 00:31,Delivered,4781.1,Cash,4.3,63,48.22
305,237,130,10-04-2025 13:36,10-04-2025 14:15,Cancelled,1955.07,Credit Card,4.92,39,17.01
306,387,52,13-01-2024 03:39,13-01-2024 04:21,Delivered,1969.53,UPI,4.33,42,10.31
307,395,131,18-02-2025 17:22,18-02-2025 18:09,Pending,2244.63,Credit Card,2.54,47,17.29
308,204,174,25-11-2024 22:30,25-11-2024 23:17,Pending,2676.71,UPI,1.32,47,13.72
309,385,43,29-04-2025 00:20,29-04-2025 01:13,Pending,1136.34,Cash,1.34,53,42.65
310,275,178,28-08-2023 02:17,28-08-2023 03:00,Delivered,1736.51,Cash,1.36,43,12.63
311,121,187,11-10-2024 15:06,11-10-2024 15:48,Pending,4782.36,UPI,3.86,42,13.6
312,92,163,13-02-2024 12:17,13-02-2024 13:32,Delivered,926.64,Cash,2.13,75,32.96
313,234,104,08-12-2024 02:24,08-12-2024 03:19,Cancelled,1857.7,UPI,0.51,55,3.66
314,491,75,06-03-2025 04:28,06-03-2025 05:13,Cancelled,246.67,UPI,0.88,45,32.91
315,397,104,16-01-2025 16:33,16-01-2025 18:03,Cancelled,2201.15,Credit Card,2.79,90,27.19
316,127,78,27-03-2024 03:43,27-03-2024 04:24,Delivered,2633.04,Cash,0.02,41,26.91
317,385,120,22-04-2025 02:51,22-04-2025 03:31,Cancelled,4328.06,Credit Card,4.82,40,41.72
318,208,193,21-01-2025 09:40,21-01-2025 11:05,Cancelled,4148.21,Cash,1.1,85,31.47
319,117,189,09-09-2023 23:46,10-09-2023 00:19,Delivered,2396.8,Cash,1.32,33,3.32
320,300,111,06-10-2024 00:12,06-10-2024 01:41,Delivered,3032.98,UPI,2.31,89,41.26
321,196,184,11-03-2025 21:48,11-03-2025 22:36,Pending,2741.54,Cash,3.57,48,44.06
322,457,51,10-01-2025 22:16,10-01-2025 23:15,Pending,2665.65,Credit Card,1.92,59,30.84
323,333,182,16-03-2025 16:40,16-03-2025 17:39,Pending,4632.74,Credit Card,2.52,59,37.74
324,5,44,23-07-2023 05:44,23-07-2023 07:06,Delivered,296.92,Credit Card,2.65,82,43.36
325,168,142,08-06-2025 12:40,08-06-2025 13:17,Delivered,2086.94,Cash,2.97,37,3.08
326,466,78,07-12-2024 04:25,07-12-2024 05:06,Pending,4351.52,Credit Card,0.78,41,16.84
327,101,180,21-07-2023 21:22,21-07-2023 22:34,Pending,3958.27,Cash,0.46,72,46.64
328,5,174,06-07-2024 23:05,06-07-2024 23:38,Cancelled,2189.51,UPI,2.5,33,34.28
329,10,180,10-01-2024 15:38,10-01-2024 16:59,Pending,571.13,Credit Card,1.23,81,35.53
330,192,102,07-07-2025 05:42,07-07-2025 06:29,Delivered,902.05,Cash,2.36,47,21.07
331,355,70,12-07-2024 18:41,12-07-2024 19:45,Delivered,470.74,Cash,0.65,64,22.86
332,178,99,21-04-2024 16:21,21-04-2024 17:10,Pending,3246.53,UPI,0.96,49,21.69
333,2,110,22-08-2024 07:22,22-08-2024 08:14,Pending,3106.51,Cash,4.48,52,23.38
334,30,26,04-05-2025 04:22,04-05-2025 05:34,Delivered,2004.12,UPI,1.6,72,9.1
335,319,97,29-10-2023 04:20,29-10-2023 05:37,Delivered,4283.69,Cash,4.58,77,22.77
336,305,65,24-12-2023 05:33,24-12-2023 06:05,Cancelled,1414.71,Credit Card,0.13,32,18.85
337,436,172,20-12-2023 02:30,20-12-2023 03:52,Cancelled,2915.04,Credit Card,0.28,82,15.51
338,275,82,14-03-2024 06:29,14-03-2024 07:18,Pending,1354.98,Cash,2.97,49,33.33
339,323,31,07-03-2025 14:13,07-03-2025 15:43,Pending,3283.79,Credit Card,0.27,90,26.09
340,399,50,27-05-2024 23:26,28-05-2024 00:11,Cancelled,3638.99,Credit Card,1.05,45,32.45
341,486,127,24-06-2024 10:56,24-06-2024 11:59,Pending,1947.5,UPI,3.03,63,34.45
342,464,57,10-09-2023 05:57,10-09-2023 07:01,Delivered,3066.25,Credit Card,1.63,64,23.55
343,285,151,17-04-2024 23:56,18-04-2024 01:14,Pending,574.54,Credit Card,0.24,78,10.76
344,215,121,09-07-2024 00:20,09-07-2024 01:32,Pending,4494.01,UPI,0.71,72,41.19
345,263,24,27-05-2024 00:40,27-05-2024 01:24,Delivered,4732.67,Cash,4.92,44,36
346,102,152,16-02-2025 02:52,16-02-2025 04:04,Cancelled,4100.72,UPI,2.91,72,44.98
347,52,16,14-04-2024 08:38,14-04-2024 10:05,Cancelled,3274.37,Cash,2.03,87,37.06
348,411,27,25-07-2023 18:19,25-07-2023 19:24,Pending,313.42,Credit Card,1.93,65,41.42
349,206,4,31-10-2023 21:32,31-10-2023 22:42,Cancelled,4708.48,Cash,3.99,70,14.77
350,289,178,31-07-2023 10:54,31-07-2023 11:33,Pending,1857.6,Credit Card,4.52,39,48.65
351,275,194,04-03-2024 20:22,04-03-2024 21:03,Delivered,3749.86,UPI,4.8,41,12.66
352,42,66,27-07-2024 11:03,27-07-2024 11:42,Cancelled,3241.66,Cash,1.68,39,29.68
353,490,50,28-10-2024 06:43,28-10-2024 07:40,Cancelled,4919.15,Credit Card,3,57,14.47
354,160,129,12-05-2025 11:16,12-05-2025 12:43,Cancelled,4864.45,Credit Card,0.79,87,24.55
355,477,75,15-04-2025 13:34,15-04-2025 15:00,Cancelled,999.56,UPI,4.44,86,49.55
356,149,118,20-10-2023 19:53,20-10-2023 21:02,Cancelled,760.69,UPI,0.28,69,0.09
357,316,74,18-10-2023 16:06,18-10-2023 16:45,Pending,2909.84,UPI,1.43,39,32.25
358,315,42,16-08-2024 10:11,16-08-2024 11:29,Delivered,292.65,Cash,4.76,78,43.51
359,361,44,07-06-2025 18:35,07-06-2025 19:15,Pending,580.75,UPI,3.22,40,0.43
360,93,184,05-12-2024 22:36,05-12-2024 23:46,Delivered,4438.28,Credit Card,2.76,70,44.14
361,194,19,05-03-2025 13:27,05-03-2025 14:18,Delivered,3256.32,Credit Card,4.76,51,37.47
362,460,105,27-10-2023 02:43,27-10-2023 04:03,Cancelled,4529.45,UPI,2.46,80,2.6
363,203,27,20-06-2025 12:09,20-06-2025 12:41,Delivered,486.01,UPI,2.03,32,20.26
364,75,77,16-08-2023 15:25,16-08-2023 16:19,Pending,4961.17,Credit Card,0.65,54,1.42
365,213,57,26-02-2025 22:38,27-02-2025 00:04,Cancelled,1847.41,UPI,0.64,86,18.97
366,87,103,10-08-2024 17:16,10-08-2024 18:43,Pending,2102.68,Cash,4.66,87,49.83
367,303,176,03-06-2025 02:45,03-06-2025 03:36,Cancelled,1487.54,UPI,0.48,51,0.98
368,40,153,14-08-2024 20:43,14-08-2024 21:17,Delivered,3085.09,Credit Card,4.3,34,39.58
369,483,34,15-12-2023 11:21,15-12-2023 12:22,Pending,4353.93,UPI,4.11,61,31.51
370,7,139,26-12-2024 01:52,26-12-2024 02:27,Pending,377.06,Credit Card,2.67,35,43.33
371,144,110,13-08-2024 14:03,13-08-2024 15:23,Cancelled,2171.3,Credit Card,0.56,80,12.83
372,164,13,26-04-2025 12:30,26-04-2025 13:04,Pending,4482.51,Credit Card,2.87,34,2.59
373,455,27,14-05-2025 05:39,14-05-2025 06:24,Cancelled,3969.25,UPI,1.28,45,35.74
374,93,57,28-09-2024 08:05,28-09-2024 09:25,Pending,1110.66,UPI,1.72,80,10.74
375,30,50,14-07-2024 21:00,14-07-2024 21:34,Pending,2826.05,UPI,2.88,34,43.87
376,423,198,19-05-2025 10:59,19-05-2025 12:04,Cancelled,972.88,UPI,1.38,65,43.44
377,61,18,13-10-2023 18:22,13-10-2023 19:12,Cancelled,4134.91,Cash,0.94,50,48.9
378,432,85,02-02-2025 14:33,02-02-2025 15:14,Delivered,3242.99,Cash,0.26,41,21.55
379,425,58,02-01-2024 16:13,02-01-2024 17:33,Pending,3521.43,Cash,1.12,80,3.43
380,422,117,30-07-2024 09:54,30-07-2024 10:39,Pending,3399.44,Cash,1.84,45,25.38
381,353,92,09-02-2025 14:05,09-02-2025 14:55,Pending,1537.2,Cash,1.29,50,30.12
382,299,79,05-09-2024 22:37,05-09-2024 23:16,Delivered,4065.11,Cash,4.94,39,39.88
383,286,156,21-09-2024 19:53,21-09-2024 21:02,Delivered,2080.35,UPI,2.01,69,30.68
384,476,189,06-07-2024 18:41,06-07-2024 19:36,Delivered,243.66,Cash,2.49,55,35.48
385,115,36,06-09-2023 20:03,06-09-2023 20:42,Delivered,963.69,Credit Card,1.76,39,45.85
386,440,36,12-09-2023 21:49,12-09-2023 22:30,Delivered,4211.52,Cash,3.37,41,19.9
387,89,117,04-10-2024 05:51,04-10-2024 06:21,Pending,1996.21,UPI,2.21,30,8.23
388,329,95,09-04-2025 22:30,09-04-2025 23:09,Delivered,797.39,Cash,2.8,39,42.92
389,405,88,15-06-2025 18:18,15-06-2025 18:53,Delivered,4453.16,UPI,1.06,35,33.64
390,279,124,19-01-2024 15:26,19-01-2024 16:04,Cancelled,3995.58,UPI,3.93,38,27.6
391,289,81,06-06-2025 07:09,06-06-2025 08:24,Pending,345.65,Cash,3.52,75,25.33
392,83,106,23-11-2023 18:42,23-11-2023 19:19,Pending,821.07,Credit Card,2.35,37,47.73
393,19,63,08-10-2023 18:14,08-10-2023 19:11,Pending,854.75,UPI,2.18,57,2.02
394,199,35,18-10-2023 19:26,18-10-2023 20:22,Cancelled,2861.98,Cash,4.1,56,47.15
395,493,42,11-10-2024 23:28,12-10-2024 00:46,Delivered,1472.75,Credit Card,4.01,78,10.85
396,318,55,10-02-2025 07:55,10-02-2025 09:07,Cancelled,4627.65,UPI,3.63,72,48.51
397,211,83,22-05-2025 18:47,22-05-2025 19:34,Delivered,133.9,Cash,3.31,47,3.6
398,497,46,26-08-2024 16:27,26-08-2024 17:37,Cancelled,2886.07,UPI,0.53,70,12.51
399,232,77,28-10-2024 04:49,28-10-2024 05:47,Delivered,4761.43,UPI,0.04,58,25.92
400,18,81,18-09-2024 06:42,18-09-2024 08:00,Pending,1549.76,Credit Card,0.11,78,42.24
401,184,119,14-05-2024 22:38,14-05-2024 23:12,Pending,1891.8,UPI,4.9,34,9.48
402,336,74,06-11-2024 23:09,07-11-2024 00:07,Delivered,1607.34,Credit Card,0.28,58,21.83
403,442,48,02-04-2025 09:47,02-04-2025 10:56,Pending,1553.31,Credit Card,0.38,69,36.93
404,271,92,17-07-2024 13:10,17-07-2024 14:09,Pending,2148.34,UPI,1.1,59,13.87
405,310,156,06-08-2024 05:24,06-08-2024 06:34,Delivered,1075.62,UPI,3.17,70,33.16
406,313,50,08-01-2025 11:49,08-01-2025 12:26,Pending,4211.62,UPI,4.58,37,4.33
407,69,59,26-05-2024 00:54,26-05-2024 02:22,Pending,4882.14,Credit Card,0.82,88,21.3
408,227,9,20-09-2024 07:54,20-09-2024 08:39,Delivered,2347.32,UPI,0.22,45,40.48
409,271,41,04-08-2023 17:51,04-08-2023 18:46,Delivered,1881.79,Credit Card,3.28,55,0.85
410,464,171,26-04-2024 08:28,26-04-2024 09:16,Cancelled,3186.27,Cash,3.07,48,18.77
411,146,43,06-02-2024 23:06,07-02-2024 00:28,Pending,2282.27,Credit Card,4.89,82,42.07
412,428,148,28-06-2025 16:12,28-06-2025 17:08,Cancelled,3376.81,Cash,1.53,56,22.97
413,84,25,20-05-2025 19:52,20-05-2025 21:10,Pending,1960.21,UPI,2.92,78,42.3
414,95,177,24-02-2025 14:57,24-02-2025 16:00,Pending,1314.04,Cash,4.27,63,32.98
415,274,172,02-01-2025 15:20,02-01-2025 16:40,Cancelled,4537.17,Credit Card,2.1,80,11.05
416,137,18,25-02-2025 00:41,25-02-2025 02:02,Cancelled,1186.22,Cash,1.64,81,2.99
417,86,40,07-07-2024 10:48,07-07-2024 12:15,Cancelled,1362.94,Credit Card,4.14,87,15.27
418,244,73,22-12-2024 01:11,22-12-2024 02:10,Pending,3231.85,Credit Card,3.51,59,6.27
419,125,162,28-02-2025 02:27,28-02-2025 03:36,Pending,4325.31,Cash,2.78,69,8.36
420,191,78,06-05-2024 15:03,06-05-2024 15:57,Cancelled,4087.63,Credit Card,0.3,54,38.98
421,161,21,03-10-2023 03:50,03-10-2023 04:57,Cancelled,2160.51,UPI,2.64,67,22.7
422,58,42,15-03-2025 09:15,15-03-2025 10:09,Cancelled,3188.93,UPI,4.91,54,31.53
423,228,133,18-01-2024 04:01,18-01-2024 04:38,Delivered,2580.72,Credit Card,4.54,37,47.04
424,348,169,29-05-2024 22:19,29-05-2024 23:40,Cancelled,1490.2,Cash,2.56,81,48.08
425,35,103,18-03-2025 08:22,18-03-2025 09:23,Cancelled,2322.55,Credit Card,4.98,61,4
426,10,95,02-09-2023 12:51,02-09-2023 13:52,Pending,4507.52,UPI,1.22,61,15.85
427,182,66,30-03-2025 07:18,30-03-2025 08:33,Cancelled,1842.38,Cash,1.85,75,48.69
428,413,12,13-07-2024 10:06,13-07-2024 10:38,Cancelled,2967.36,Credit Card,4.36,32,17.73
429,430,174,21-07-2023 04:00,21-07-2023 05:07,Delivered,2178.41,Credit Card,0.2,67,44.05
430,255,197,01-12-2023 00:00,01-12-2023 00:36,Delivered,1103.48,Credit Card,4.24,36,34.98
431,26,189,13-01-2025 23:41,14-01-2025 00:28,Delivered,950.85,Cash,3.1,47,3.32
432,394,176,22-11-2023 03:28,22-11-2023 04:52,Cancelled,1927.56,Cash,1.63,84,9.79
433,470,148,04-12-2023 20:17,04-12-2023 21:01,Delivered,3987.32,Credit Card,0.17,44,23.7
434,106,186,08-08-2023 19:06,08-08-2023 20:29,Cancelled,1860.58,Cash,0.28,83,30.55
435,320,173,31-08-2023 19:47,31-08-2023 20:21,Cancelled,2546.01,UPI,1.42,34,31.53
436,137,114,18-05-2025 22:35,18-05-2025 23:56,Cancelled,1942.3,Credit Card,1.26,81,11.3
437,347,194,19-07-2023 10:37,19-07-2023 11:50,Delivered,149.65,UPI,3.78,73,33.64
438,410,66,26-11-2024 23:41,27-11-2024 00:19,Pending,3403.4,UPI,2.43,38,33.12
439,225,150,03-06-2025 19:59,03-06-2025 20:52,Pending,2312.24,Credit Card,4.5,53,34.83
440,309,158,25-08-2023 18:14,25-08-2023 19:25,Cancelled,2984.27,Credit Card,0.16,71,45.61
441,479,77,08-09-2023 08:51,08-09-2023 09:40,Pending,1331.83,UPI,3.18,49,27.49
442,223,181,03-03-2024 10:05,03-03-2024 11:12,Pending,2627.57,Credit Card,4.24,67,5.35
443,58,165,26-05-2024 13:01,26-05-2024 13:41,Cancelled,2066.7,Credit Card,3.94,40,49.22
444,215,167,05-04-2024 13:33,05-04-2024 14:28,Pending,1685.58,Cash,3.66,55,43.89
445,161,168,30-12-2023 09:56,30-12-2023 10:32,Cancelled,4209.39,UPI,4.11,36,31.71
446,192,190,20-11-2023 01:53,20-11-2023 02:50,Pending,2100.71,UPI,3.82,57,31.04
447,90,42,21-04-2025 22:30,21-04-2025 23:58,Delivered,4523.99,Credit Card,2.44,88,29.54
448,398,112,26-11-2024 18:49,26-11-2024 20:08,Cancelled,2456.77,UPI,3.91,79,1.2
449,91,76,01-09-2023 14:04,01-09-2023 15:10,Cancelled,9.08,Credit Card,4.95,66,9.08
450,337,37,04-06-2025 00:51,04-06-2025 02:18,Cancelled,2933.5,Cash,1.48,87,12.79
451,15,132,26-04-2024 22:50,26-04-2024 23:29,Cancelled,2464.41,Cash,1.97,39,29.44
452,222,142,15-01-2025 11:42,15-01-2025 12:55,Pending,2509.6,UPI,3.39,73,25.25
453,203,149,28-06-2024 10:21,28-06-2024 10:59,Delivered,807.66,Credit Card,1.5,38,3.25
454,174,4,19-04-2025 11:23,19-04-2025 11:57,Cancelled,4346.07,Cash,4.27,34,49.27
455,234,98,08-03-2024 01:27,08-03-2024 02:29,Delivered,4806.14,Cash,0.57,62,37.22
456,85,124,08-04-2025 23:42,09-04-2025 01:02,Cancelled,3460.12,Credit Card,0.15,80,42.68
457,416,21,23-03-2025 20:16,23-03-2025 21:44,Delivered,347.91,UPI,3.57,88,12.03
458,406,61,08-01-2024 21:32,08-01-2024 23:01,Delivered,1452.62,UPI,2.03,89,1.96
459,157,119,02-12-2024 04:55,02-12-2024 05:50,Pending,4373.41,Credit Card,3.54,55,25.98
460,261,168,11-08-2023 02:36,11-08-2023 03:15,Cancelled,604.17,Cash,4.76,39,25.46
461,381,130,23-09-2024 11:31,23-09-2024 12:03,Cancelled,300.57,Credit Card,2.93,32,23.48
462,106,92,22-09-2024 03:52,22-09-2024 04:26,Delivered,2153.78,UPI,3.64,34,25.66
463,221,94,29-07-2023 16:32,29-07-2023 17:07,Delivered,1395.77,UPI,2.91,35,20.29
464,188,80,23-09-2024 21:30,23-09-2024 22:48,Delivered,893.59,Credit Card,2.12,78,11.95
465,333,37,14-10-2024 00:08,14-10-2024 00:47,Delivered,4669.45,Cash,4.07,39,20.81
466,491,38,06-09-2023 12:54,06-09-2023 14:03,Delivered,3948.24,Cash,4.34,69,0.35
467,249,31,23-02-2025 06:38,23-02-2025 07:37,Delivered,4520.5,Cash,3.14,59,26.84
468,124,173,17-11-2024 13:19,17-11-2024 14:28,Cancelled,1084.09,Cash,4.05,69,36.84
469,137,57,10-03-2024 18:52,10-03-2024 19:22,Pending,4750.73,UPI,4.78,30,30.13
470,292,29,24-07-2024 07:13,24-07-2024 08:16,Pending,1386.13,UPI,1.21,63,43.47
471,460,147,19-02-2024 21:44,19-02-2024 22:32,Cancelled,2672.9,Cash,2.84,48,45.2
472,302,159,06-08-2024 05:41,06-08-2024 06:45,Delivered,711.74,Cash,0.46,64,23.84
473,289,118,01-08-2023 18:04,01-08-2023 19:28,Cancelled,566.2,Cash,2.52,84,31.72
474,187,84,25-02-2025 13:01,25-02-2025 14:18,Pending,1948.31,Cash,4.63,77,40.84
475,92,53,11-01-2025 09:36,11-01-2025 10:49,Delivered,680.52,Credit Card,0.05,73,10.58
476,52,7,12-06-2024 20:05,12-06-2024 20:49,Pending,4250.97,UPI,4.72,44,11.98
477,124,84,25-01-2024 20:30,25-01-2024 21:38,Delivered,1984.55,UPI,1.87,68,6.14
478,488,131,14-11-2023 15:47,14-11-2023 16:45,Cancelled,285.44,Credit Card,4.53,58,29.83
479,425,168,12-09-2023 01:25,12-09-2023 02:29,Cancelled,2666.07,UPI,0.59,64,18.77
480,226,38,25-01-2024 19:03,25-01-2024 20:12,Pending,127.53,Cash,3.83,69,44.97
481,415,24,30-08-2024 03:27,30-08-2024 04:01,Cancelled,2302.06,UPI,3.98,34,24.47
482,401,117,22-04-2025 09:01,22-04-2025 10:07,Cancelled,4618.56,UPI,2.48,66,28.78
483,302,36,20-04-2024 20:01,20-04-2024 21:16,Delivered,3152.48,Cash,1.61,75,44.59
484,252,53,18-06-2024 05:22,18-06-2024 06:37,Pending,4960.18,Cash,0.46,75,7.14
485,132,148,06-09-2023 08:52,06-09-2023 09:39,Pending,1116.64,Credit Card,1.37,47,45.03
486,66,153,03-08-2024 19:38,03-08-2024 20:49,Cancelled,3532.33,Cash,1.63,71,47.81
487,282,20,05-12-2023 18:56,05-12-2023 19:55,Pending,1133.18,Credit Card,3.41,59,36.66
488,288,6,10-12-2023 11:31,10-12-2023 12:37,Delivered,2752.49,UPI,0.31,66,16.91
489,352,106,28-05-2025 12:55,28-05-2025 13:32,Delivered,272.19,Cash,0.02,37,1.21
490,279,200,05-07-2024 06:44,05-07-2024 07:58,Cancelled,1437.17,Cash,0.66,74,38.87
491,464,47,30-12-2023 22:18,30-12-2023 22:53,Cancelled,2320.53,Credit Card,2.82,35,29.18
492,173,114,12-07-2024 02:03,12-07-2024 02:54,Cancelled,638.26,Cash,0.83,51,41.69
493,145,150,11-07-2025 22:27,11-07-2025 23:16,Pending,2467.71,Cash,0.54,49,42.92
494,487,191,11-04-2024 03:10,11-04-2024 04:35,Pending,4631.84,Credit Card,0.46,85,1.37
495,471,177,06-12-2024 19:44,06-12-2024 20:52,Delivered,868.79,Credit Card,3.92,68,16.77
496,166,69,20-12-2024 10:49,20-12-2024 12:10,Pending,572.68,Cash,4.59,81,38.55
497,49,148,06-05-2024 23:24,07-05-2024 00:18,Delivered,832.85,Cash,0.12,54,1.07
498,473,86,31-01-2024 05:36,31-01-2024 06:31,Delivered,2172,Credit Card,4.03,55,40.56
499,122,18,29-07-2023 17:38,29-07-2023 18:53,Cancelled,3558.99,UPI,0,75,12.34
500,342,32,18-11-2023 19:50,18-11-2023 21:15,Delivered,1786.57,Credit Card,0.28,85,29.07
501,294,89,19-11-2024 09:52,19-11-2024 10:41,Cancelled,3192.2,Credit Card,0.36,49,49.73
502,152,77,28-01-2024 07:48,28-01-2024 09:09,Pending,2059.3,Credit Card,0.71,81,40.11
503,48,92,07-10-2024 21:43,07-10-2024 22:45,Pending,1952.85,Credit Card,4.32,62,40.22
504,485,133,03-11-2023 23:01,03-11-2023 23:57,Pending,1766.84,Cash,4.41,56,2.8
505,163,135,29-02-2024 14:05,29-02-2024 15:04,Pending,792.47,UPI,1.13,59,7.57
506,86,35,09-12-2024 23:39,10-12-2024 00:31,Cancelled,4204.75,Cash,0.14,52,12.64
507,471,172,29-04-2025 18:18,29-04-2025 19:47,Cancelled,3669.08,UPI,0.15,89,27.77
508,290,158,23-05-2024 04:07,23-05-2024 05:17,Cancelled,4554.92,Credit Card,2.27,70,39.68
509,193,31,05-11-2024 06:36,05-11-2024 07:12,Cancelled,3736.94,Cash,0.99,36,27.28
510,254,136,02-06-2025 05:51,02-06-2025 06:37,Cancelled,1133.93,UPI,0.67,46,46.6
511,10,138,20-07-2023 20:30,20-07-2023 21:49,Cancelled,2698.8,UPI,0.85,79,45.15
512,336,12,08-09-2024 21:28,08-09-2024 22:14,Delivered,4111.53,UPI,3.28,46,47.31
513,491,198,16-09-2023 17:21,16-09-2023 18:31,Pending,1867.17,Credit Card,2.81,70,41.82
514,495,96,04-03-2025 19:37,04-03-2025 21:01,Pending,970.97,Credit Card,1.8,84,14.71
515,385,71,15-04-2024 02:10,15-04-2024 03:15,Cancelled,536.35,Credit Card,2.6,65,8.5
516,374,51,23-03-2025 16:50,23-03-2025 17:32,Delivered,803.36,Credit Card,2.3,42,10.14
517,140,118,11-09-2024 00:25,11-09-2024 01:38,Delivered,3689.54,UPI,0.01,73,43.44
518,460,53,13-05-2025 15:35,13-05-2025 16:32,Delivered,4722.08,Cash,4.69,57,30.83
519,400,36,02-02-2025 00:27,02-02-2025 01:01,Cancelled,4708.99,Credit Card,3.95,34,31.24
520,470,60,03-07-2025 04:29,03-07-2025 05:13,Cancelled,856.4,Credit Card,2.53,44,22.17
521,412,69,27-04-2024 01:37,27-04-2024 02:24,Delivered,2795.11,Cash,2.21,47,28.49
522,384,128,15-08-2023 01:04,15-08-2023 02:23,Pending,675.33,Cash,1.37,79,25.55
523,226,26,19-03-2024 04:34,19-03-2024 05:28,Delivered,789.9,Cash,1.62,54,49.42
524,360,69,28-08-2024 22:18,28-08-2024 23:10,Cancelled,438.87,Cash,1.14,52,19.71
525,108,123,12-10-2024 02:56,12-10-2024 03:39,Pending,3009.44,Cash,4.38,43,23.27
526,463,43,16-01-2025 01:08,16-01-2025 02:37,Delivered,1908.01,UPI,2.37,89,7.57
527,22,124,01-07-2025 07:04,01-07-2025 07:44,Cancelled,430.85,UPI,4.54,40,28.31
528,377,155,19-04-2025 21:30,19-04-2025 22:31,Pending,4408.6,Cash,4.87,61,10.59
529,293,188,16-03-2024 20:12,16-03-2024 20:53,Delivered,786.58,Cash,2.63,41,35.38
530,32,79,08-03-2025 11:51,08-03-2025 12:29,Pending,1799.28,Cash,1.77,38,26.64
531,405,75,15-10-2024 14:26,15-10-2024 15:23,Cancelled,4500.41,Cash,4.92,57,25.55
532,398,68,17-07-2023 20:30,17-07-2023 21:33,Pending,2796.5,UPI,0.35,63,33.86
533,155,121,23-05-2025 19:25,23-05-2025 20:18,Pending,2702.87,Cash,2.99,53,33.83
534,364,22,07-11-2023 12:09,07-11-2023 13:35,Pending,4722.64,Cash,1.32,86,11.33
535,452,96,07-10-2023 16:14,07-10-2023 17:05,Cancelled,3267.49,Cash,2.79,51,31.97
536,48,162,11-01-2025 21:17,11-01-2025 22:28,Pending,3581.81,UPI,2.75,71,21.89
537,482,70,19-06-2024 23:27,20-06-2024 00:02,Pending,1574.77,Credit Card,0.28,35,1.51
538,100,33,11-11-2024 06:01,11-11-2024 06:53,Delivered,888.87,Cash,0.62,52,36.41
539,384,44,28-06-2024 15:32,28-06-2024 16:32,Delivered,172.24,Credit Card,2.46,60,31.83
540,94,145,31-12-2024 22:32,31-12-2024 23:48,Delivered,85.06,Cash,3.74,76,13.17
541,112,124,30-10-2023 16:42,30-10-2023 17:38,Delivered,530.35,Cash,3.25,56,36.89
542,422,192,31-05-2024 09:14,31-05-2024 09:49,Cancelled,3831.75,Credit Card,3.7,35,27.86
543,379,9,17-12-2024 04:37,17-12-2024 05:24,Pending,1115.82,Credit Card,0.99,47,8.56
544,11,32,23-12-2023 04:05,23-12-2023 04:49,Cancelled,3122.56,UPI,4.93,44,35.77
545,266,90,09-12-2023 07:51,09-12-2023 08:41,Delivered,91.53,Cash,0.48,50,24.58
546,492,62,29-01-2025 17:18,29-01-2025 18:30,Delivered,448.08,Cash,4.71,72,10.14
547,329,163,12-10-2024 20:42,12-10-2024 21:49,Pending,2805.86,Cash,4.33,67,27.61
548,12,66,12-05-2025 10:49,12-05-2025 12:13,Cancelled,238.7,Credit Card,3.67,84,47.59
549,322,143,07-06-2024 12:43,07-06-2024 13:18,Cancelled,735.86,UPI,2.96,35,32.23
550,392,178,21-11-2023 06:56,21-11-2023 08:16,Pending,1295.92,Cash,4.55,80,47.71
551,275,138,22-09-2024 16:16,22-09-2024 17:18,Cancelled,2758.66,Credit Card,3.18,62,5.64
552,72,126,21-06-2024 19:48,21-06-2024 21:08,Delivered,3847.35,Credit Card,2.82,80,18.34
553,441,131,21-06-2024 13:44,21-06-2024 14:34,Cancelled,2690.58,UPI,4.97,50,21.55
554,46,157,22-07-2023 18:44,22-07-2023 19:17,Cancelled,4185.69,Cash,4.93,33,23.64
555,396,153,03-02-2024 11:10,03-02-2024 12:30,Pending,3363.27,Credit Card,1.52,80,0.54
556,447,130,30-04-2024 14:29,30-04-2024 15:56,Cancelled,2840.84,Credit Card,2.32,87,1.7
557,171,65,01-08-2023 20:57,01-08-2023 21:27,Pending,147.69,UPI,4.32,30,45.92
558,358,72,21-08-2023 14:11,21-08-2023 15:07,Delivered,912.97,Cash,4.19,56,35.21
559,485,56,20-01-2025 16:01,20-01-2025 16:42,Cancelled,4536.06,Cash,1.14,41,36.19
560,319,18,17-11-2023 19:53,17-11-2023 20:40,Cancelled,3062.97,UPI,3.14,47,10.13
561,187,82,01-12-2023 15:23,01-12-2023 16:46,Delivered,1200.4,Cash,2.3,83,23.62
562,241,179,31-12-2023 22:54,31-12-2023 23:26,Delivered,2087.33,UPI,3.84,32,35.67
563,202,28,02-03-2025 20:31,02-03-2025 21:09,Delivered,3744.17,Cash,4.39,38,23.76
564,27,64,19-04-2024 17:35,19-04-2024 18:11,Pending,3659.51,UPI,2.77,36,30.9
565,144,60,17-06-2025 11:46,17-06-2025 12:56,Pending,2269.13,Credit Card,2.78,70,23.76
566,488,118,04-12-2024 06:07,04-12-2024 07:37,Cancelled,3983.93,UPI,3.71,90,1.07
567,197,133,21-04-2024 00:18,21-04-2024 01:03,Pending,539.49,Credit Card,1.21,45,28.46
568,106,40,03-11-2024 01:49,03-11-2024 02:39,Cancelled,4469.3,Credit Card,0.8,50,32.4
569,278,39,13-08-2023 19:29,13-08-2023 20:09,Cancelled,1276.63,Cash,1.37,40,44.07
570,267,70,11-02-2025 12:10,11-02-2025 13:37,Pending,3313.65,UPI,1.07,87,15.95
571,115,159,21-05-2024 12:03,21-05-2024 13:02,Pending,343.07,Cash,2.5,59,22.25
572,4,166,12-02-2024 00:58,12-02-2024 02:23,Cancelled,1051.26,Cash,4.37,85,40.73
573,466,178,22-05-2024 09:59,22-05-2024 11:11,Pending,4718.63,Cash,3.97,72,33.46
574,303,72,12-11-2023 04:11,12-11-2023 05:32,Pending,1515.85,UPI,0.38,81,44.21
575,176,67,24-01-2024 21:21,24-01-2024 22:23,Delivered,138.33,Credit Card,3.58,62,33.81
576,104,104,28-08-2023 15:19,28-08-2023 15:49,Cancelled,3746.76,UPI,2.8,30,6.91
577,322,72,07-03-2025 08:29,07-03-2025 09:18,Cancelled,2956.23,UPI,2.8,49,20.68
578,207,177,20-05-2025 18:33,20-05-2025 19:10,Cancelled,135.51,Credit Card,4.65,37,20.48
579,232,120,30-03-2025 02:21,30-03-2025 03:51,Delivered,4620.67,Cash,3.13,90,41.4
580,336,1,18-01-2024 08:35,18-01-2024 09:11,Delivered,662.6,Cash,3.2,36,11.31
581,443,187,28-07-2023 09:45,28-07-2023 10:40,Pending,4921.15,Cash,4.82,55,10.04
582,396,37,01-11-2024 16:08,01-11-2024 17:02,Pending,2437.13,Credit Card,3.19,54,35.41
583,425,189,04-04-2025 09:51,04-04-2025 10:39,Delivered,440.96,Cash,1.6,48,36.35
584,459,71,18-03-2024 08:50,18-03-2024 10:06,Delivered,4900.46,Credit Card,0.84,76,15.98
585,365,192,07-03-2025 05:48,07-03-2025 06:35,Delivered,2812.74,Credit Card,0.31,47,18.08
586,398,187,20-06-2025 05:51,20-06-2025 06:34,Delivered,1138.11,UPI,1.83,43,38.99
587,377,94,09-01-2024 01:25,09-01-2024 02:31,Delivered,3237.39,UPI,0.84,66,10.74
588,93,91,21-03-2025 20:47,21-03-2025 21:45,Cancelled,4360.77,Credit Card,3.32,58,26.75
589,237,158,16-05-2024 12:49,16-05-2024 14:01,Pending,1060.29,UPI,0.55,72,38.87
590,100,53,05-11-2024 02:47,05-11-2024 03:36,Pending,379.32,Credit Card,2.41,49,26.52
591,451,56,10-07-2025 04:02,10-07-2025 04:52,Pending,1176.85,Cash,3.48,50,22.8
592,61,101,04-09-2023 20:57,04-09-2023 22:08,Cancelled,592.19,Cash,1.32,71,40.72
593,334,132,18-05-2025 12:05,18-05-2025 12:42,Cancelled,4000.28,UPI,2.24,37,4.01
594,157,51,09-02-2025 12:37,09-02-2025 13:13,Delivered,2346.03,UPI,2.45,36,30.5
595,59,30,14-07-2024 18:16,14-07-2024 19:38,Pending,2793.5,Cash,4.87,82,28.26
596,340,132,19-09-2023 20:29,19-09-2023 21:51,Delivered,1415.46,UPI,2.71,82,40.19
597,343,72,05-11-2023 00:11,05-11-2023 01:26,Pending,3502.52,UPI,3.96,75,9.71
598,488,118,25-01-2024 01:29,25-01-2024 02:14,Cancelled,3709,Cash,2.68,45,32.6
599,236,29,31-07-2023 02:55,31-07-2023 03:40,Cancelled,3420.74,Credit Card,0.26,45,41.24
600,270,125,05-11-2024 13:36,05-11-2024 14:35,Cancelled,2649.81,Credit Card,3.64,59,10.79
601,39,28,17-05-2024 13:31,17-05-2024 14:59,Cancelled,2655.62,UPI,0.66,88,31.3
602,227,23,24-03-2024 06:03,24-03-2024 06:39,Delivered,4703.71,UPI,2.39,36,12.99
603,410,41,15-03-2024 02:16,15-03-2024 03:07,Pending,4240.18,Credit Card,1.07,51,31.41
604,61,28,05-06-2025 10:45,05-06-2025 11:27,Pending,3881.03,Cash,2.2,42,0.67
605,42,18,04-07-2025 03:53,04-07-2025 05:19,Pending,527.24,UPI,3.72,86,33.78
606,308,174,22-07-2023 23:51,23-07-2023 01:20,Pending,2810.43,Cash,4.19,89,48.94
607,199,36,14-07-2024 16:55,14-07-2024 17:59,Delivered,4779.71,Cash,4.02,64,6.26
608,398,143,12-08-2024 07:10,12-08-2024 08:37,Pending,1240.48,Cash,0.4,87,24.06
609,13,188,09-03-2024 13:16,09-03-2024 14:18,Delivered,2761.54,Cash,1.03,62,12.11
610,6,94,26-05-2025 01:42,26-05-2025 02:13,Pending,3135.77,Cash,2.13,31,11.49
611,360,190,31-07-2023 10:18,31-07-2023 11:10,Delivered,3229.94,UPI,4.42,52,0.66
612,488,108,03-05-2025 17:11,03-05-2025 17:46,Pending,2126.57,Cash,4.61,35,21.46
613,322,58,21-07-2023 04:26,21-07-2023 05:27,Cancelled,3315.4,Credit Card,1.57,61,32.08
614,124,177,02-06-2024 04:33,02-06-2024 06:03,Delivered,1622.69,Cash,0.71,90,16.19
615,178,124,23-02-2025 12:42,23-02-2025 13:56,Cancelled,2388.71,Credit Card,3.33,74,18.91
616,295,74,24-08-2023 22:19,24-08-2023 23:39,Delivered,3585.94,Credit Card,2.83,80,38.42
617,365,63,14-09-2023 00:49,14-09-2023 01:58,Cancelled,1863,UPI,2.38,69,24.5
618,209,66,30-03-2024 09:48,30-03-2024 10:48,Cancelled,844.65,Cash,3.24,60,24.29
619,416,189,18-10-2024 23:03,19-10-2024 00:14,Pending,4600.01,Cash,2.36,71,2.95
620,295,91,15-12-2024 08:37,15-12-2024 09:34,Pending,931.43,UPI,3.76,57,19.45
621,138,54,10-11-2023 10:01,10-11-2023 11:04,Pending,3724.13,Credit Card,0.09,63,0.86
622,13,6,31-07-2024 08:52,31-07-2024 09:25,Cancelled,2618.59,UPI,4.6,33,16.11
623,390,28,05-12-2024 01:12,05-12-2024 02:01,Pending,1145.51,Credit Card,4.27,49,37.16
624,466,166,21-02-2025 03:12,21-02-2025 04:06,Delivered,4687.53,UPI,2.83,54,31.31
625,229,66,24-09-2024 16:30,24-09-2024 17:33,Delivered,2050.11,Cash,2.46,63,2.43
626,135,145,16-04-2024 21:22,16-04-2024 22:24,Delivered,4284.57,Cash,0.61,62,29.68
627,172,161,19-10-2023 14:23,19-10-2023 15:39,Cancelled,1361.83,Credit Card,4.2,76,8.94
628,374,15,29-01-2025 19:26,29-01-2025 20:08,Cancelled,2860.24,Cash,1.57,42,39.01
629,266,191,11-10-2023 06:00,11-10-2023 07:29,Delivered,956.37,Cash,1.26,89,41.97
630,156,23,28-04-2025 04:23,28-04-2025 05:42,Cancelled,4321.89,Credit Card,0.1,79,13.01
631,72,167,22-01-2025 11:40,22-01-2025 12:33,Delivered,3028.44,UPI,3.67,53,29.93
632,477,132,28-09-2024 16:16,28-09-2024 17:01,Pending,4963.84,Cash,3.73,45,40.24
633,40,178,28-09-2024 17:36,28-09-2024 18:42,Cancelled,1151.01,Cash,3.56,66,7.39
634,240,93,09-09-2023 10:49,09-09-2023 11:31,Delivered,2173.36,Credit Card,4.85,42,27.69
635,285,121,24-01-2025 07:34,24-01-2025 08:27,Delivered,144.63,UPI,1.16,53,18.18
636,36,166,01-08-2024 05:13,01-08-2024 06:26,Delivered,4181.06,Credit Card,0.86,73,24.72
637,362,103,31-10-2024 22:08,31-10-2024 23:17,Pending,1239.5,Credit Card,1.67,69,17.23
638,405,123,14-12-2023 00:57,14-12-2023 01:45,Pending,2544.13,Credit Card,1.4,48,39.13
639,69,17,02-01-2025 21:04,02-01-2025 22:28,Pending,3448.35,UPI,2.57,84,5.99
640,390,37,03-06-2024 02:29,03-06-2024 03:43,Pending,3495.75,UPI,3.91,74,0.67
641,358,181,11-07-2025 19:01,11-07-2025 19:57,Delivered,2889,Credit Card,4.25,56,45.68
642,168,12,19-03-2025 05:14,19-03-2025 06:09,Pending,1711.35,UPI,1.36,55,8.19
643,390,156,22-02-2025 20:48,22-02-2025 22:09,Delivered,3199.39,UPI,2.82,81,1.28
644,262,128,09-07-2025 19:29,09-07-2025 20:35,Delivered,3644.8,Credit Card,2.11,66,34.19
645,235,185,22-04-2024 03:13,22-04-2024 04:37,Cancelled,3710.06,Credit Card,3.12,84,14.47
646,402,79,02-05-2024 12:00,02-05-2024 12:58,Pending,126.76,Credit Card,1.47,58,36.68
647,210,123,04-03-2024 05:06,04-03-2024 06:05,Delivered,2429.53,UPI,1.64,59,3.75
648,425,182,14-12-2024 06:32,14-12-2024 07:47,Cancelled,1438.85,UPI,4.56,75,40.95
649,223,63,03-11-2023 14:38,03-11-2023 16:05,Delivered,1926.21,Cash,3.62,87,4.08
650,256,15,06-05-2025 23:24,07-05-2025 00:44,Cancelled,1541.98,Credit Card,3.62,80,11.28
651,312,82,17-04-2025 19:32,17-04-2025 20:02,Delivered,3949.49,Credit Card,3.87,30,22.91
652,280,151,23-02-2024 04:40,23-02-2024 05:17,Pending,3234.34,UPI,0.81,37,45.2
653,25,145,09-05-2025 10:07,09-05-2025 11:27,Pending,1240.5,UPI,1.75,80,22.55
654,335,117,23-09-2023 19:31,23-09-2023 20:07,Delivered,1327.79,Cash,4.26,36,39.5
655,441,25,22-11-2023 23:10,23-11-2023 00:12,Cancelled,3895.79,Credit Card,4.03,62,36.28
656,75,80,05-09-2023 09:42,05-09-2023 11:03,Delivered,2337.5,UPI,3.45,81,37.04
657,495,80,09-06-2025 21:57,09-06-2025 22:27,Pending,3227.09,Cash,4.26,30,3.08
658,493,177,02-01-2025 12:37,02-01-2025 13:07,Pending,1292.36,UPI,4.77,30,27.34
659,445,191,13-04-2025 21:32,13-04-2025 22:03,Pending,3405.09,UPI,1.74,31,9.41
660,81,23,03-12-2024 14:27,03-12-2024 15:03,Cancelled,1504.31,Credit Card,2.8,36,12.06
661,176,21,30-04-2025 19:24,30-04-2025 20:47,Delivered,3755.19,UPI,1.01,83,30.66
662,33,59,17-12-2024 11:48,17-12-2024 13:07,Pending,4559.59,UPI,4.89,79,46.15
663,180,178,26-01-2025 18:54,26-01-2025 19:46,Cancelled,1500.22,UPI,4.26,52,4.64
664,310,75,29-12-2023 08:39,29-12-2023 09:35,Delivered,3017.38,UPI,2.31,56,43.13
665,63,50,20-08-2024 01:42,20-08-2024 02:58,Delivered,3755.12,Cash,4.71,76,28.02
666,216,74,24-05-2025 17:10,24-05-2025 18:20,Delivered,110.43,Credit Card,0.62,70,8.43
667,345,43,15-05-2024 03:58,15-05-2024 05:11,Cancelled,3403.41,Credit Card,2.63,73,48.56
668,377,110,28-02-2024 03:51,28-02-2024 05:10,Pending,4150.01,Credit Card,2.74,79,28.81
669,470,113,25-05-2025 11:00,25-05-2025 12:24,Cancelled,4090.24,UPI,2.46,84,40.21
670,47,36,06-12-2024 05:13,06-12-2024 06:30,Cancelled,2021.28,Credit Card,3.58,77,11.91
671,60,174,11-01-2025 10:57,11-01-2025 11:30,Delivered,3059.48,Cash,3.47,33,29.38
672,310,150,20-06-2025 08:18,20-06-2025 09:15,Cancelled,3582.44,Cash,3.43,57,25.58
673,449,73,28-10-2023 16:35,28-10-2023 18:00,Pending,3033.45,UPI,1.93,85,36.58
674,118,19,13-11-2024 05:39,13-11-2024 06:56,Pending,1124.62,Credit Card,4.66,77,19.88
675,307,200,19-11-2023 04:30,19-11-2023 05:02,Cancelled,1468.55,UPI,0.5,32,14.32
676,454,9,26-03-2025 14:06,26-03-2025 15:12,Pending,145.84,Credit Card,2.03,66,48.86
677,385,65,06-04-2024 14:06,06-04-2024 14:46,Cancelled,282.17,Credit Card,0.01,40,18.35
678,347,191,27-06-2024 07:47,27-06-2024 08:43,Delivered,711.05,Cash,0.22,56,31.49
679,216,160,30-12-2023 00:54,30-12-2023 01:48,Delivered,26.1,Credit Card,0.26,54,26.1
680,121,162,01-08-2023 13:23,01-08-2023 14:53,Pending,2201.35,Cash,4.09,90,7.42
681,192,29,14-12-2024 20:44,14-12-2024 21:53,Delivered,2146.07,UPI,1.46,69,34.73
682,212,112,30-03-2025 04:37,30-03-2025 05:11,Cancelled,2355.98,Cash,0.92,34,31.55
683,388,179,15-07-2024 18:48,15-07-2024 20:05,Delivered,2885.77,Credit Card,4.2,77,6.75
684,135,109,14-04-2024 19:55,14-04-2024 21:23,Cancelled,4683.1,UPI,1.08,88,35.12
685,211,16,11-03-2024 13:20,11-03-2024 14:22,Pending,899.96,Credit Card,1.73,62,19.66
686,358,180,14-03-2024 01:34,14-03-2024 02:18,Cancelled,183.73,UPI,0.28,44,36.82
687,37,148,29-06-2024 12:42,29-06-2024 13:44,Cancelled,3522.26,Cash,4.74,62,19.3
688,365,70,22-01-2024 04:54,22-01-2024 06:11,Cancelled,1491.41,UPI,4.76,77,43.67
689,313,109,13-07-2023 21:26,13-07-2023 22:34,Delivered,3110.82,UPI,2.97,68,19.21
690,187,141,17-11-2024 23:48,18-11-2024 01:00,Pending,1078.18,Credit Card,3.83,72,7.05
691,447,12,13-05-2024 18:12,13-05-2024 19:12,Cancelled,1460.65,Credit Card,2.97,60,34.21
692,124,190,29-03-2024 02:15,29-03-2024 03:34,Cancelled,1352.53,Cash,1.51,79,31.76
693,387,164,26-05-2025 02:26,26-05-2025 03:56,Cancelled,1980.26,Credit Card,4.01,90,14.08
694,306,17,02-12-2023 08:02,02-12-2023 09:01,Delivered,4514.48,UPI,2.01,59,4.72
695,251,33,05-12-2024 08:18,05-12-2024 09:36,Cancelled,2899.14,UPI,3.49,78,4.38
696,472,178,01-04-2024 18:33,01-04-2024 19:19,Delivered,3014.02,Credit Card,4.42,46,49.23
697,12,162,30-05-2024 11:58,30-05-2024 13:07,Delivered,4074.7,Cash,3.5,69,34.07
698,178,69,06-10-2024 21:12,06-10-2024 22:42,Cancelled,1088.95,Cash,2.48,90,37.19
699,490,152,16-08-2024 08:23,16-08-2024 09:19,Pending,2445.13,UPI,2.21,56,44.62
700,358,124,07-02-2024 23:06,08-02-2024 00:33,Cancelled,2663.18,UPI,1.23,87,2.97
701,214,158,12-11-2024 22:00,12-11-2024 22:40,Cancelled,1736.06,Credit Card,1.35,40,10.17
702,154,103,13-12-2023 01:16,13-12-2023 02:38,Pending,118.83,Credit Card,2.74,82,3.25
703,458,136,10-04-2025 19:20,10-04-2025 20:03,Delivered,4528.76,Credit Card,1.26,43,43.06
704,123,107,07-08-2024 03:13,07-08-2024 04:15,Delivered,1167.67,Credit Card,3.36,62,22.51
705,362,59,01-05-2025 04:58,01-05-2025 05:29,Pending,867.29,Cash,1.65,31,11.14
706,436,23,05-11-2024 01:55,05-11-2024 02:47,Delivered,3105.63,Credit Card,2.88,52,8.22
707,450,153,13-11-2024 17:51,13-11-2024 18:58,Cancelled,4271.26,UPI,2.96,67,17.44
708,218,84,03-05-2025 13:58,03-05-2025 15:06,Delivered,3560.04,Credit Card,4.22,68,14.26
709,259,28,13-06-2025 05:39,13-06-2025 06:33,Cancelled,2426.49,Cash,0.03,54,41.82
710,497,53,16-05-2024 20:04,16-05-2024 20:57,Cancelled,4911.48,UPI,2.87,53,36.01
711,441,29,04-07-2025 12:55,04-07-2025 14:07,Pending,912.62,Credit Card,4.84,72,1.94
712,185,48,08-06-2025 13:10,08-06-2025 14:13,Pending,896.18,Credit Card,2.06,63,5.23
713,76,170,11-01-2025 05:33,11-01-2025 06:15,Cancelled,2173.73,UPI,4.75,42,37.13
714,241,146,14-04-2025 23:58,15-04-2025 00:38,Cancelled,1199.44,Cash,2.87,40,43.71
715,15,37,23-07-2023 05:17,23-07-2023 06:46,Pending,241.37,Cash,2.06,89,35.67
716,118,154,17-05-2024 13:14,17-05-2024 13:47,Delivered,646.23,Cash,4.85,33,13.88
717,113,3,12-01-2024 10:22,12-01-2024 10:58,Pending,4917.34,Cash,4.99,36,20.51
718,76,198,17-08-2023 14:34,17-08-2023 15:52,Delivered,238.3,Cash,4.75,78,47.29
719,212,131,28-11-2023 19:03,28-11-2023 20:25,Pending,2049.22,Credit Card,3.55,82,49.92
720,499,159,16-07-2024 03:02,16-07-2024 03:58,Delivered,941.55,Cash,0.84,56,19.01
721,205,178,04-03-2025 21:01,04-03-2025 22:05,Cancelled,1235.8,UPI,1.33,64,28.87
722,495,6,18-09-2023 21:36,18-09-2023 22:09,Pending,3218.84,Credit Card,0.88,33,38.8
723,413,16,02-10-2024 03:00,02-10-2024 03:58,Delivered,2152.75,Cash,3.67,58,38.01
724,16,93,23-09-2023 09:23,23-09-2023 10:16,Pending,2894.5,Credit Card,1.88,53,40.7
725,364,124,14-07-2023 14:11,14-07-2023 15:26,Pending,4534.28,UPI,0.25,75,33.02
726,192,183,18-06-2024 16:04,18-06-2024 16:44,Cancelled,606.09,Cash,4.82,40,46.71
727,464,93,03-10-2023 02:37,03-10-2023 03:39,Delivered,3509.17,Cash,0.69,62,2.81
728,193,163,04-02-2024 22:54,05-02-2024 00:22,Cancelled,1602.52,Credit Card,0.7,88,28.29
729,251,169,27-10-2023 20:58,27-10-2023 21:52,Cancelled,1229.02,Credit Card,0.43,54,38.07
730,422,38,26-01-2025 10:46,26-01-2025 12:07,Pending,4203.54,UPI,1.85,81,41.24
731,426,129,31-01-2025 15:04,31-01-2025 15:40,Cancelled,778.79,Cash,2.44,36,12.56
732,273,80,20-08-2024 13:47,20-08-2024 14:35,Cancelled,2115.12,Cash,3.72,48,43.9
733,217,174,30-09-2024 05:03,30-09-2024 05:49,Delivered,4564.07,UPI,4.28,46,22.57
734,33,11,05-01-2024 04:04,05-01-2024 05:14,Pending,952.88,Credit Card,0.58,70,41.05
735,403,131,30-04-2025 22:29,30-04-2025 23:44,Cancelled,1786.52,Credit Card,0.95,75,24.64
736,401,37,02-07-2025 00:40,02-07-2025 01:51,Cancelled,976.68,UPI,4.46,71,34.22
737,486,7,18-10-2024 13:09,18-10-2024 13:42,Pending,1562.27,Cash,2.18,33,33.25
738,100,86,01-08-2023 08:06,01-08-2023 08:56,Pending,4079.73,Credit Card,4.91,50,0.92
739,80,112,11-12-2023 20:18,11-12-2023 21:16,Cancelled,2926.53,Cash,4.78,58,38.18
740,357,64,12-12-2024 21:37,12-12-2024 22:37,Cancelled,1100.9,Cash,4.89,60,17.1
741,151,168,17-01-2024 20:34,17-01-2024 21:05,Cancelled,613.4,Cash,2.87,31,1.85
742,33,169,16-06-2024 15:47,16-06-2024 16:42,Cancelled,2915.56,UPI,1.72,55,36.56
743,89,91,29-10-2023 15:30,29-10-2023 16:56,Pending,2836.86,Cash,0.67,86,38.62
744,129,70,15-11-2024 04:44,15-11-2024 05:56,Cancelled,506.15,Credit Card,2.55,72,43.97
745,429,56,26-10-2024 09:21,26-10-2024 10:28,Pending,568.58,UPI,4.74,67,20.62
746,129,87,13-08-2023 17:41,13-08-2023 19:09,Pending,1246.1,Credit Card,3.57,88,17.18
747,377,117,27-02-2024 02:28,27-02-2024 03:33,Cancelled,3317.48,Credit Card,4.44,65,5.77
748,151,140,10-01-2025 06:33,10-01-2025 07:20,Delivered,420.52,Credit Card,1.46,47,34.18
749,125,186,21-04-2024 07:05,21-04-2024 07:44,Cancelled,1773.48,Credit Card,4.99,39,24.06
750,284,172,19-01-2025 17:24,19-01-2025 18:17,Cancelled,821.82,Credit Card,0.71,53,41.05
751,497,125,01-06-2025 14:44,01-06-2025 16:11,Delivered,3697.49,UPI,2.65,87,32.55
752,161,112,13-08-2024 01:15,13-08-2024 01:45,Pending,3555.61,Cash,3.73,30,3.12
753,244,130,24-01-2025 20:19,24-01-2025 21:23,Cancelled,1321.94,UPI,2.66,64,29.43
754,11,101,13-05-2025 00:45,13-05-2025 01:24,Cancelled,799.45,Credit Card,2.72,39,1.73
755,291,193,20-06-2024 02:49,20-06-2024 03:39,Pending,1785.91,UPI,1.21,50,34.11
756,378,57,22-01-2025 09:05,22-01-2025 09:52,Delivered,466.63,Cash,1.06,47,21.17
757,28,41,20-05-2024 16:33,20-05-2024 17:48,Delivered,4389.41,UPI,3.05,75,6.44
758,23,138,22-02-2024 06:36,22-02-2024 08:02,Pending,2751.34,UPI,0.02,86,18.49
759,408,147,06-03-2025 10:21,06-03-2025 11:04,Cancelled,3185.19,UPI,0.99,43,28.97
760,158,108,08-09-2023 03:17,08-09-2023 04:19,Delivered,3673.45,UPI,1.45,62,33.05
761,92,126,08-10-2024 01:50,08-10-2024 03:13,Delivered,1713.25,Credit Card,0.3,83,40.06
762,445,199,01-07-2025 01:07,01-07-2025 02:34,Delivered,4599.67,Credit Card,0.53,87,36.89
763,167,36,21-05-2025 09:46,21-05-2025 10:53,Pending,1521.79,UPI,2.1,67,30.44
764,107,175,14-08-2023 01:10,14-08-2023 02:18,Pending,2485.51,Cash,2.72,68,4.84
765,171,125,20-10-2024 22:01,20-10-2024 22:53,Delivered,4968.72,Credit Card,4.88,52,36.48
766,89,83,19-10-2024 01:55,19-10-2024 03:19,Cancelled,854.73,UPI,4.78,84,22.3
767,50,77,15-07-2024 19:45,15-07-2024 21:09,Pending,1385.56,UPI,0.87,84,18.27
768,303,170,17-01-2024 03:12,17-01-2024 03:55,Delivered,3699.42,Cash,4.24,43,20.75
769,455,154,16-01-2024 00:33,16-01-2024 02:02,Cancelled,2844.51,Cash,0.45,89,6.98
770,104,55,19-07-2023 22:39,19-07-2023 23:50,Pending,303.75,UPI,4.16,71,49.85
771,482,116,14-03-2024 06:41,14-03-2024 07:22,Delivered,328.85,Cash,4.95,41,20.74
772,136,140,01-09-2023 17:54,01-09-2023 19:24,Pending,4084.63,UPI,4.02,90,12.72
773,316,33,20-03-2024 15:43,20-03-2024 16:34,Pending,2692.86,Cash,2.99,51,33.12
774,182,59,04-07-2024 17:25,04-07-2024 18:24,Pending,919.28,UPI,3.06,59,25.84
775,73,166,09-12-2024 04:37,09-12-2024 05:40,Delivered,3191.01,UPI,0.29,63,16.08
776,422,117,20-11-2024 09:26,20-11-2024 10:35,Delivered,1500.45,UPI,0.33,69,17.59
777,30,20,02-09-2024 21:03,02-09-2024 22:17,Pending,4162.88,Credit Card,0.02,74,20.96
778,131,15,09-06-2025 06:18,09-06-2025 06:48,Cancelled,1825.43,UPI,0.77,30,38.98
779,420,15,17-09-2023 13:12,17-09-2023 14:20,Pending,1916.53,Cash,3.97,68,12.16
780,112,91,30-10-2024 22:07,30-10-2024 22:56,Pending,1689.76,UPI,4,49,15.68
781,266,90,20-07-2024 11:07,20-07-2024 12:16,Cancelled,3591.05,Credit Card,4.14,69,40.19
782,362,57,09-03-2024 05:28,09-03-2024 06:46,Cancelled,748.65,Cash,2.99,78,16.97
783,390,68,17-07-2024 08:49,17-07-2024 10:00,Cancelled,452.44,Cash,1.59,71,47.75
784,142,48,25-10-2024 10:20,25-10-2024 11:07,Cancelled,296.75,UPI,0.02,47,2.48
785,235,141,18-04-2025 08:26,18-04-2025 09:23,Cancelled,3489.17,UPI,1.62,57,6.45
786,38,167,10-03-2024 19:02,10-03-2024 20:04,Cancelled,2315.83,Cash,2.46,62,39.28
787,495,173,24-10-2023 14:12,24-10-2023 15:21,Delivered,2205.78,Credit Card,0.07,69,17.28
788,15,119,07-03-2025 03:44,07-03-2025 04:58,Pending,44.07,Credit Card,4.6,74,40.14
789,157,18,21-03-2024 00:39,21-03-2024 02:08,Pending,3941.61,UPI,3.87,89,14.64
790,435,189,20-06-2024 05:58,20-06-2024 06:44,Pending,1511.51,UPI,0.06,46,49.11
791,194,58,11-12-2024 10:33,11-12-2024 11:45,Pending,2899.29,Cash,2.83,72,21.29
792,403,9,06-12-2023 11:24,06-12-2023 12:13,Pending,98.26,Credit Card,2.45,49,32.01
793,485,23,24-09-2024 20:11,24-09-2024 21:28,Pending,3198.86,UPI,0.2,77,2.72
794,142,168,13-09-2023 13:40,13-09-2023 14:24,Cancelled,3939.68,UPI,3.36,44,25.59
795,130,116,28-02-2024 18:35,28-02-2024 19:31,Pending,4740.33,Credit Card,3.02,56,10.67
796,352,37,16-08-2024 08:14,16-08-2024 08:57,Delivered,2719.09,UPI,3.19,43,22.05
797,294,24,10-06-2024 17:44,10-06-2024 19:01,Delivered,2695.77,Cash,3.71,77,10.24
798,249,49,11-01-2025 13:43,11-01-2025 14:28,Pending,1493.92,UPI,2.51,45,28.48
799,372,35,13-08-2023 15:58,13-08-2023 17:18,Delivered,3414.88,Cash,0.37,80,46.75
800,175,86,28-07-2024 18:07,28-07-2024 19:04,Cancelled,2109.07,Cash,0.54,57,31.65
801,298,171,15-05-2024 20:17,15-05-2024 20:53,Delivered,1677.37,Cash,1.53,36,19.95
802,433,90,03-05-2024 07:40,03-05-2024 08:15,Pending,3574.18,Cash,2.59,35,31.14
803,247,48,30-04-2025 19:43,30-04-2025 20:27,Pending,358.31,Cash,4.1,44,39.38
804,283,106,27-12-2024 17:18,27-12-2024 17:56,Delivered,2964.89,UPI,1.53,38,21.43
805,146,96,23-02-2024 21:20,23-02-2024 22:12,Delivered,2876.85,Credit Card,0.99,52,45.14
806,273,95,27-03-2025 03:52,27-03-2025 04:28,Pending,3203.03,Cash,2.8,36,34.03
807,297,46,02-07-2024 04:31,02-07-2024 05:36,Cancelled,3441.06,UPI,3.05,65,30.6
808,186,90,14-05-2024 02:29,14-05-2024 03:02,Pending,1417.71,Credit Card,1.34,33,41.24
809,377,127,04-09-2024 15:14,04-09-2024 16:08,Delivered,3121.79,Cash,3.56,54,12.7
810,367,44,08-08-2023 16:17,08-08-2023 17:41,Delivered,4154.03,Cash,2.59,84,44.8
811,493,44,10-02-2025 10:16,10-02-2025 11:21,Delivered,4345.25,UPI,1.37,65,29.45
812,25,4,25-11-2023 06:10,25-11-2023 07:18,Cancelled,1049.57,UPI,3.8,68,35.78
813,461,124,04-01-2024 22:40,04-01-2024 23:23,Delivered,1799.56,Cash,3.35,43,0.8
814,39,191,25-04-2024 01:45,25-04-2024 02:47,Cancelled,3679.92,Credit Card,2.47,62,11.69
815,117,154,12-04-2025 21:52,12-04-2025 23:08,Pending,3101.12,UPI,3.79,76,7.34
816,497,51,27-07-2023 17:19,27-07-2023 18:17,Cancelled,4856.85,Credit Card,2.92,58,24
817,127,45,21-02-2025 01:36,21-02-2025 02:34,Delivered,4567.1,Credit Card,3.53,58,35.64
818,365,152,04-08-2024 02:45,04-08-2024 03:16,Pending,4006.47,Credit Card,2.47,31,15.09
819,320,84,23-03-2024 16:44,23-03-2024 17:43,Cancelled,927.85,Cash,2.87,59,26.27
820,201,184,11-02-2024 17:40,11-02-2024 18:19,Pending,3053.25,UPI,2.49,39,5.32
821,204,61,21-03-2025 00:53,21-03-2025 02:04,Cancelled,664,Cash,2.77,71,12.58
822,498,177,01-06-2024 23:57,02-06-2024 01:01,Pending,3344.29,UPI,1.04,64,32.88
823,412,81,30-10-2024 16:59,30-10-2024 18:07,Cancelled,559.24,UPI,2.34,68,4.62
824,309,99,12-10-2023 06:10,12-10-2023 07:27,Delivered,2379.85,Credit Card,1.96,77,12.7
825,211,5,26-02-2025 22:42,26-02-2025 23:48,Pending,1504.98,Credit Card,4,66,5.88
826,399,71,11-02-2024 02:52,11-02-2024 03:23,Pending,3043.89,Cash,1.14,31,18.25
827,98,138,11-04-2025 06:04,11-04-2025 07:00,Delivered,1628.56,Cash,1.75,56,46.21
828,205,178,28-02-2024 23:53,29-02-2024 01:21,Delivered,2399.19,UPI,2.14,88,30.42
829,101,76,07-09-2023 22:50,07-09-2023 23:38,Cancelled,1451.82,Credit Card,4.24,48,28.22
830,255,46,10-11-2023 02:04,10-11-2023 02:36,Pending,216.08,Credit Card,1.09,32,40.47
831,492,13,06-07-2024 22:25,06-07-2024 23:11,Cancelled,4619.13,Cash,1.4,46,36.53
832,344,150,07-06-2025 09:47,07-06-2025 10:54,Cancelled,2963.6,UPI,0.74,67,46.02
833,11,20,19-10-2023 03:36,19-10-2023 04:53,Pending,4735.24,Credit Card,3.02,77,5.59
834,122,127,25-12-2023 05:58,25-12-2023 06:30,Pending,1148.99,UPI,1.18,32,32.9
835,121,44,27-08-2024 08:45,27-08-2024 09:38,Delivered,4899.25,Credit Card,1.51,53,46.9
836,484,16,31-12-2023 10:21,31-12-2023 11:02,Cancelled,2043.21,Cash,0.98,41,41.55
837,180,115,22-05-2024 23:38,23-05-2024 00:35,Delivered,2779.51,UPI,0.86,57,0.58
838,195,182,28-02-2025 17:18,28-02-2025 18:14,Cancelled,208,Credit Card,4.26,56,4.7
839,467,154,11-11-2023 05:52,11-11-2023 06:23,Delivered,29.64,Credit Card,4.55,31,10.31
840,346,91,05-02-2025 14:26,05-02-2025 15:49,Cancelled,1186.42,Cash,3.44,83,9.55
841,110,68,07-03-2024 00:32,07-03-2024 01:13,Cancelled,642.19,UPI,3.2,41,5.06
842,72,127,05-07-2025 05:27,05-07-2025 06:45,Cancelled,2705.63,Cash,2.89,78,20.67
843,406,115,24-01-2025 08:54,24-01-2025 10:19,Delivered,3681.03,Credit Card,3.57,85,41.63
844,494,20,17-12-2023 17:17,17-12-2023 18:39,Delivered,2906.76,Credit Card,1.94,82,8.53
845,397,87,27-11-2024 15:45,27-11-2024 16:18,Pending,4518.15,Credit Card,4.67,33,26.57
846,218,116,31-12-2024 11:10,31-12-2024 11:47,Delivered,1895.11,UPI,0.37,37,21.76
847,235,59,04-12-2023 09:41,04-12-2023 10:45,Cancelled,1659.1,Credit Card,4.21,64,39.38
848,250,47,18-07-2023 20:22,18-07-2023 21:30,Cancelled,3246.95,UPI,2.66,68,24.29
849,57,179,25-09-2024 05:49,25-09-2024 06:49,Pending,4856.44,Credit Card,0.69,60,10.44
850,428,88,14-01-2024 05:08,14-01-2024 06:26,Pending,3201.91,UPI,4.86,78,3.25
851,135,182,21-12-2024 07:38,21-12-2024 09:06,Pending,1169.39,Cash,0.9,88,12.43
852,180,8,26-08-2024 20:29,26-08-2024 21:06,Delivered,59.92,Credit Card,0.73,37,20.82
853,243,181,28-03-2024 17:46,28-03-2024 18:36,Pending,249.31,UPI,0.51,50,19.19
854,41,113,05-03-2024 12:05,05-03-2024 13:22,Cancelled,3366.94,UPI,3.56,77,9.63
855,497,139,25-08-2024 08:09,25-08-2024 09:23,Cancelled,2439.88,Cash,4.96,74,27.19
856,459,17,18-11-2024 02:54,18-11-2024 04:08,Delivered,3633.13,Cash,0.85,74,40.75
857,234,15,10-02-2024 17:52,10-02-2024 18:47,Cancelled,909.13,UPI,2.34,55,29.28
858,167,178,29-11-2024 17:02,29-11-2024 18:22,Cancelled,1625.6,UPI,1.35,80,14.59
859,364,104,15-12-2023 12:24,15-12-2023 13:39,Pending,3496.09,Cash,4.33,75,6.24
860,88,68,15-05-2024 23:03,15-05-2024 23:57,Delivered,572.85,UPI,4.8,54,19.51
861,126,86,11-10-2024 16:20,11-10-2024 17:10,Cancelled,1216.94,Cash,4.26,50,21.44
862,312,55,18-06-2025 16:51,18-06-2025 17:21,Cancelled,2790.99,Cash,3.1,30,40.81
863,229,173,23-08-2024 10:07,23-08-2024 11:27,Cancelled,4016.32,UPI,1.49,80,4.45
864,172,66,05-12-2024 04:32,05-12-2024 05:14,Delivered,2864.18,Cash,1.44,42,42
865,376,61,08-01-2024 19:20,08-01-2024 20:25,Cancelled,2389.43,Credit Card,2.36,65,48.84
866,69,118,05-08-2024 05:26,05-08-2024 06:47,Cancelled,693.67,Cash,2.07,81,42.42
867,404,183,11-06-2025 04:05,11-06-2025 05:24,Delivered,919.27,Credit Card,0.22,79,19.54
868,189,83,31-01-2025 02:19,31-01-2025 03:25,Cancelled,3198.62,UPI,0.34,66,10.07
869,87,186,08-02-2024 19:48,08-02-2024 20:32,Cancelled,1751.72,Cash,4.9,44,16.58
870,189,173,31-12-2024 18:38,31-12-2024 19:22,Cancelled,613.87,UPI,1.7,44,31.49
871,450,180,12-08-2023 14:39,12-08-2023 16:06,Pending,1466.62,UPI,4.63,87,47.35
872,463,142,29-11-2024 21:39,29-11-2024 22:54,Delivered,4277.53,UPI,3.25,75,40.36
873,111,123,17-11-2024 02:28,17-11-2024 03:40,Pending,3734.42,Credit Card,2.83,72,28.9
874,117,66,13-05-2024 13:40,13-05-2024 14:12,Delivered,4818.92,Cash,4.41,32,44.76
875,79,92,27-10-2023 08:45,27-10-2023 10:05,Pending,3869.69,Credit Card,2.25,80,0.75
876,26,129,26-11-2024 11:39,26-11-2024 12:33,Cancelled,525.48,Cash,1.03,54,45.38
877,208,152,07-02-2024 18:39,07-02-2024 19:38,Delivered,4596.99,Credit Card,1.7,59,10.68
878,86,9,09-02-2024 07:31,09-02-2024 09:00,Pending,2781.2,Cash,2.67,89,49.89
879,304,198,06-08-2023 03:41,06-08-2023 04:55,Delivered,1498.88,Cash,0.74,74,48.52
880,45,89,22-08-2023 00:35,22-08-2023 01:57,Pending,2658.35,Credit Card,0.12,82,16.5
881,431,36,03-03-2024 19:51,03-03-2024 21:08,Delivered,153.49,Cash,2.36,77,22.34
882,342,103,01-05-2024 06:20,01-05-2024 07:04,Pending,1839.64,UPI,3.67,44,32.71
883,43,94,18-01-2024 21:46,18-01-2024 22:35,Delivered,3583.38,UPI,3.14,49,42.31
884,474,10,23-11-2023 14:22,23-11-2023 15:04,Delivered,1421.17,Cash,1.8,42,2.92
885,254,119,23-02-2024 09:19,23-02-2024 09:51,Pending,610.25,Cash,1.51,32,17.75
886,349,72,04-07-2025 03:52,04-07-2025 04:40,Cancelled,2294.66,Credit Card,2.64,48,7.36
887,371,23,16-05-2025 00:56,16-05-2025 01:37,Delivered,612.89,Credit Card,4.91,41,40.8
888,321,170,22-02-2025 13:11,22-02-2025 14:32,Pending,438.12,UPI,0.85,81,30.5
889,496,3,14-05-2025 05:51,14-05-2025 06:56,Cancelled,3391.8,Credit Card,2.75,65,12.25
890,454,117,14-07-2024 14:19,14-07-2024 15:26,Pending,726.91,UPI,0.02,67,13.52
891,247,29,22-02-2025 01:11,22-02-2025 01:52,Cancelled,639.73,Credit Card,4.13,41,36.56
892,137,58,11-07-2025 05:05,11-07-2025 06:08,Cancelled,1476.49,Credit Card,0.89,63,39.18
893,387,85,25-12-2024 07:59,25-12-2024 08:38,Cancelled,3745.03,Cash,2.05,39,14.32
894,163,154,17-04-2024 19:32,17-04-2024 20:33,Pending,2079.78,Cash,0.3,61,15.09
895,358,104,26-12-2023 07:13,26-12-2023 08:30,Cancelled,79.33,Credit Card,2.59,77,25.95
896,6,47,19-09-2023 05:29,19-09-2023 06:13,Cancelled,1925.21,Credit Card,4,44,15.79
897,152,195,03-11-2023 13:52,03-11-2023 14:23,Cancelled,3939.63,Cash,1.73,31,29.68
898,289,146,25-11-2024 12:05,25-11-2024 12:39,Pending,2425.83,Credit Card,0.28,34,15.29
899,140,199,04-01-2024 21:27,04-01-2024 22:48,Cancelled,275.01,Cash,2.2,81,11.38
900,114,140,28-08-2023 02:45,28-08-2023 03:43,Delivered,3572.2,Credit Card,2.01,58,8.58
901,345,40,17-12-2024 07:28,17-12-2024 08:47,Cancelled,863.29,UPI,0.5,79,41.95
902,144,86,28-04-2025 22:22,28-04-2025 23:24,Pending,3284.92,Credit Card,3.65,62,16.55
903,347,167,04-08-2024 05:46,04-08-2024 06:51,Pending,600.99,Cash,2.03,65,44.79
904,434,84,23-05-2025 05:37,23-05-2025 06:39,Cancelled,2940.06,UPI,3.8,62,47.17
905,23,195,12-10-2024 09:09,12-10-2024 09:59,Pending,4758.74,Credit Card,3.81,50,3.65
906,493,101,18-05-2025 09:01,18-05-2025 09:43,Pending,3119.17,Credit Card,4.23,42,31
907,456,15,27-08-2024 12:14,27-08-2024 13:03,Cancelled,25.82,Credit Card,1.16,49,0.09
908,70,165,07-11-2024 13:19,07-11-2024 14:00,Cancelled,3566.89,Cash,1.66,41,5.91
909,81,124,23-05-2025 17:31,23-05-2025 18:13,Delivered,3489.06,Cash,2.46,42,40.86
910,396,150,12-04-2025 00:45,12-04-2025 01:36,Cancelled,2212.95,UPI,3.1,51,29.48
911,442,34,18-02-2025 02:05,18-02-2025 02:45,Cancelled,798.29,Cash,4.64,40,12.97
912,470,141,19-07-2024 19:01,19-07-2024 20:29,Pending,1617.48,Credit Card,4.72,88,6.12
913,449,38,06-01-2025 14:26,06-01-2025 15:26,Cancelled,1340.88,Credit Card,0.16,60,24.88
914,223,109,04-06-2025 22:55,05-06-2025 00:21,Pending,2458.84,Credit Card,0.24,86,8.27
915,462,36,10-05-2024 12:39,10-05-2024 13:53,Delivered,4135.58,UPI,4.02,74,39.85
916,322,170,17-09-2023 17:27,17-09-2023 18:39,Pending,2638.53,Credit Card,4.36,72,37.85
917,237,146,08-04-2024 04:39,08-04-2024 05:55,Cancelled,4609.32,UPI,1.66,76,48.4
918,252,19,03-11-2023 21:02,03-11-2023 22:19,Cancelled,4546.77,UPI,0.66,77,29.82
919,377,9,29-09-2024 06:23,29-09-2024 07:51,Cancelled,548.36,Credit Card,2.53,88,46.03
920,354,132,28-09-2023 04:56,28-09-2023 06:21,Delivered,721.13,Cash,3.43,85,5.64
921,64,90,12-03-2024 21:49,12-03-2024 22:44,Cancelled,3802.54,Cash,2.77,55,5.68
922,484,19,05-09-2024 22:53,05-09-2024 23:25,Pending,27.92,Credit Card,2.56,32,27.92
923,471,137,15-05-2024 00:30,15-05-2024 01:17,Pending,2013.47,Cash,2.87,47,30.89
924,366,107,02-06-2025 14:22,02-06-2025 15:32,Delivered,1997.5,UPI,1.6,70,23.9
925,65,106,21-08-2024 23:40,22-08-2024 00:43,Delivered,3851.21,Credit Card,3.4,63,46.36
926,494,47,13-11-2023 02:32,13-11-2023 03:08,Pending,9.82,UPI,0.83,36,9.82
927,392,191,19-08-2023 23:19,20-08-2023 00:04,Pending,2395.71,Cash,0.97,45,42.33
928,286,52,04-05-2024 10:10,04-05-2024 11:14,Delivered,3184.58,Cash,1.24,64,42.97
929,397,17,09-05-2024 20:21,09-05-2024 21:34,Delivered,2484.47,Credit Card,3.32,73,34.76
930,145,42,13-02-2024 17:35,13-02-2024 19:01,Cancelled,4513.4,Cash,3.07,86,40.45
931,177,14,07-01-2024 02:41,07-01-2024 03:57,Delivered,2841.66,Cash,0.77,76,15.42
932,323,176,28-03-2024 04:17,28-03-2024 05:05,Delivered,85.54,UPI,4.3,48,11.56
933,410,147,14-10-2024 01:08,14-10-2024 02:10,Cancelled,2375.2,Cash,1.51,62,47.95
934,285,46,31-05-2024 19:24,31-05-2024 20:24,Delivered,2779.71,Credit Card,3.62,60,33.39
935,238,41,27-06-2025 03:45,27-06-2025 04:46,Pending,3765.74,Cash,3.69,61,14.43
936,185,183,19-05-2025 01:52,19-05-2025 03:06,Cancelled,2085.08,Credit Card,4.19,74,19.87
937,370,129,13-02-2025 04:08,13-02-2025 04:40,Cancelled,1006.67,Cash,2.1,32,22.4
938,476,111,23-01-2025 14:10,23-01-2025 14:52,Delivered,4059.12,Credit Card,3.34,42,29.69
939,13,193,31-12-2024 14:40,31-12-2024 16:04,Pending,2807.6,Cash,3.6,84,32.27
940,283,172,29-12-2024 19:03,29-12-2024 19:45,Delivered,263.91,Cash,0.19,42,36.66
941,243,91,25-10-2024 09:27,25-10-2024 10:25,Delivered,4506.02,Cash,0.25,58,49.21
942,407,102,16-08-2023 20:28,16-08-2023 21:04,Pending,3453.39,Cash,2.08,36,9.71
943,488,34,09-08-2023 04:23,09-08-2023 05:47,Cancelled,1261.44,Credit Card,4.15,84,15.86
944,205,35,09-09-2023 03:35,09-09-2023 04:14,Delivered,2425.78,Credit Card,1.69,39,6.05
945,79,4,12-06-2024 02:36,12-06-2024 03:47,Pending,226.27,Cash,4.11,71,0.34
946,85,82,11-08-2024 20:53,11-08-2024 22:07,Cancelled,3744.73,Cash,1.01,74,19.82
947,230,127,03-07-2025 02:06,03-07-2025 03:19,Delivered,3093.35,UPI,1.45,73,47.3
948,456,193,23-08-2023 23:58,24-08-2023 01:00,Cancelled,3272.72,Cash,1.46,62,24.94
949,39,142,23-11-2023 17:03,23-11-2023 17:44,Pending,459.7,Cash,1.52,41,2.96
950,199,31,26-02-2024 23:38,27-02-2024 00:45,Delivered,4835.96,UPI,2.93,67,21.57
951,344,33,10-08-2023 21:18,10-08-2023 22:17,Cancelled,939.31,Credit Card,4.84,59,9.18
952,393,123,13-02-2024 00:11,13-02-2024 01:39,Cancelled,4871.47,UPI,2.15,88,19.11
953,34,148,05-07-2025 06:52,05-07-2025 08:01,Delivered,4639.26,UPI,3.51,69,33.4
954,338,39,26-12-2024 10:54,26-12-2024 11:58,Pending,4368.3,Cash,2.71,64,27.03
955,148,162,07-06-2025 15:55,07-06-2025 16:53,Cancelled,3490.54,Cash,4.66,58,33.32
956,290,127,10-02-2025 04:09,10-02-2025 05:08,Cancelled,1093.24,UPI,1.67,59,18.35
957,319,14,13-11-2023 23:56,14-11-2023 01:13,Pending,4037.41,Credit Card,1.98,77,46.05
958,274,61,12-01-2024 07:30,12-01-2024 08:38,Delivered,3198.45,Credit Card,1.84,68,25.24
959,383,104,28-10-2023 07:49,28-10-2023 09:10,Pending,1397.13,UPI,0.11,81,15.33
960,333,110,21-03-2025 12:44,21-03-2025 13:52,Delivered,3369.02,UPI,0.63,68,17.04
961,113,170,29-06-2025 21:03,29-06-2025 22:22,Cancelled,91.33,Cash,2.07,79,36.48
962,421,119,14-04-2025 19:09,14-04-2025 19:52,Pending,4899.19,Cash,0.16,43,23.57
963,126,181,05-07-2024 11:37,05-07-2024 12:11,Pending,4085.58,Credit Card,1.83,34,8.88
964,263,126,05-11-2023 18:55,05-11-2023 19:59,Pending,36.24,Cash,1.02,64,24.98
965,404,43,22-01-2024 06:10,22-01-2024 07:20,Cancelled,4971.45,UPI,3.51,70,13.43
966,351,120,06-10-2024 17:44,06-10-2024 18:25,Pending,2196.81,UPI,0.54,41,7.77
967,289,170,03-09-2024 00:35,03-09-2024 01:05,Cancelled,1409.76,Credit Card,1.36,30,35.9
968,144,99,30-07-2023 10:11,30-07-2023 11:33,Delivered,1702.12,Cash,4.98,82,28.56
969,29,98,20-04-2024 04:49,20-04-2024 05:46,Cancelled,3744.17,Cash,0.19,57,45.88
970,417,3,06-02-2024 19:13,06-02-2024 19:56,Pending,3603.4,Cash,3.39,43,24.64
971,108,1,04-01-2025 19:38,04-01-2025 20:21,Delivered,576.12,UPI,2.34,43,45.75
972,292,119,15-07-2024 05:03,15-07-2024 05:41,Delivered,3835.32,UPI,0.72,38,48.67
973,39,160,21-12-2023 00:37,21-12-2023 01:41,Cancelled,2921.18,Cash,3.05,64,42.49
974,436,56,27-02-2025 11:36,27-02-2025 12:16,Delivered,3974.1,Credit Card,2.45,40,38.54
975,417,83,07-11-2024 13:08,07-11-2024 14:11,Pending,1880.21,Cash,4.79,63,32.29
976,174,3,08-10-2024 11:45,08-10-2024 12:32,Pending,81.02,Cash,2.73,47,27.39
977,150,48,27-07-2024 05:11,27-07-2024 05:43,Cancelled,1449.72,Cash,1.6,32,30.02
978,363,194,01-06-2025 08:26,01-06-2025 09:25,Cancelled,737.01,Cash,2.6,59,38.19
979,449,200,23-06-2025 14:24,23-06-2025 15:18,Cancelled,3111.28,Credit Card,1.02,54,25.59
980,294,119,03-11-2023 15:18,03-11-2023 16:16,Pending,1618.41,Cash,2.7,58,30.5
981,143,44,01-11-2024 22:12,01-11-2024 23:13,Cancelled,3148.02,Credit Card,0.26,61,39.15
982,63,196,06-01-2024 07:34,06-01-2024 08:52,Cancelled,1845.69,UPI,4.05,78,13.01
983,109,38,15-06-2024 04:03,15-06-2024 04:56,Pending,582.25,Cash,0.91,53,9.55
984,473,159,02-07-2024 07:05,02-07-2024 07:47,Pending,3730.42,Credit Card,3.04,42,26.1
985,256,54,22-06-2025 10:23,22-06-2025 11:03,Pending,3215.6,Cash,0.3,40,0.62
986,145,180,23-12-2024 14:51,23-12-2024 15:44,Pending,1204.28,Credit Card,4.98,53,35.41
987,183,27,02-05-2025 03:47,02-05-2025 04:34,Cancelled,2817.24,Cash,2.63,47,33.32
988,257,149,07-04-2024 15:34,07-04-2024 16:48,Delivered,3625.16,UPI,1.12,74,48.54
989,150,116,30-12-2024 00:05,30-12-2024 00:48,Pending,1132,Credit Card,0.84,43,45.96
990,189,178,30-10-2023 09:04,30-10-2023 10:00,Pending,1753.26,UPI,2.12,56,25.36
991,39,40,01-04-2025 21:50,01-04-2025 22:35,Cancelled,870.61,Credit Card,1,45,18.14
992,413,14,24-05-2025 10:53,24-05-2025 11:44,Delivered,50.45,Credit Card,2.44,51,40.32
993,266,190,21-08-2023 01:42,21-08-2023 02:56,Delivered,3033.11,Credit Card,1.26,74,28
994,132,188,28-02-2025 09:16,28-02-2025 10:10,Cancelled,393.83,Cash,0.6,54,37.07
995,5,176,12-02-2025 09:06,12-02-2025 10:14,Cancelled,1389.62,Credit Card,4.53,68,32.49
996,442,43,12-11-2023 18:01,12-11-2023 19:05,Pending,2847.06,Credit Card,4.32,64,25.11
997,139,165,25-06-2024 12:10,25-06-2024 12:58,Pending,1945.86,Credit Card,3.92,48,31.42
998,40,197,06-09-2024 11:21,06-09-2024 12:25,Pending,2741.42,UPI,1.13,64,12.25
999,276,1,07-12-2024 13:01,07-12-2024 13:46,Pending,1507.29,Cash,4.89,45,16.15
1000,264,27,17-05-2024 23:20,18-05-2024 00:01,Cancelled,3347.93,Credit Card,1.47,41,0.78
1001,422,52,29-05-2025 22:55,29-05-2025 23:43,Delivered,4195.36,Credit Card,4.84,48,49.49
1002,277,17,20-10-2024 04:03,20-10-2024 05:03,Cancelled,912.36,Credit Card,3.73,60,29.43
1003,48,124,28-06-2024 00:26,28-06-2024 01:21,Delivered,1559.57,Cash,0.71,55,22.27
1004,460,106,14-06-2025 22:21,14-06-2025 23:23,Delivered,1325.15,Cash,3.53,62,41.57
1005,333,152,12-02-2025 08:58,12-02-2025 10:15,Pending,804.96,Cash,4.69,77,30.58
1006,418,144,28-07-2023 14:52,28-07-2023 16:00,Delivered,3340.63,UPI,4.28,68,18.4
1007,259,124,03-09-2023 05:39,03-09-2023 07:09,Cancelled,4808.16,UPI,4.32,90,43.37
1008,409,177,29-08-2023 18:53,29-08-2023 20:16,Cancelled,2948.21,UPI,4.27,83,16.05
1009,190,33,21-05-2025 17:01,21-05-2025 17:41,Pending,660.93,Credit Card,1.42,40,46.57
1010,234,26,02-04-2025 19:44,02-04-2025 21:03,Pending,1055.23,Credit Card,2.99,79,37.74
1011,496,104,07-10-2023 02:30,07-10-2023 03:25,Cancelled,2109.96,UPI,4.43,55,10.65
1012,489,16,18-09-2023 19:52,18-09-2023 21:22,Cancelled,1353.7,UPI,4.28,90,49.51
1013,334,37,10-04-2024 02:21,10-04-2024 02:57,Pending,2157.67,Credit Card,1,36,20.09
1014,215,128,12-03-2025 00:10,12-03-2025 00:41,Delivered,3618.72,Cash,0.07,31,15.66
1015,255,77,02-10-2023 12:03,02-10-2023 13:18,Delivered,966.04,UPI,4.21,75,40.13
1016,4,52,19-11-2023 19:03,19-11-2023 20:02,Delivered,2428.28,UPI,1.37,59,6.06
1017,169,5,06-09-2024 18:11,06-09-2024 19:04,Cancelled,3320.5,Cash,1.53,53,42.38
1018,401,187,20-03-2024 08:09,20-03-2024 08:53,Pending,540.59,Cash,3.44,44,36.05
1019,223,103,16-10-2023 22:23,16-10-2023 23:27,Delivered,2793.61,Credit Card,4.77,64,15.44
1020,80,117,20-08-2024 08:38,20-08-2024 09:15,Pending,3204.11,Cash,2.34,37,40.65
1021,417,99,08-07-2024 15:35,08-07-2024 16:34,Pending,3848.42,Credit Card,3.9,59,8.31
1022,185,34,25-02-2025 15:02,25-02-2025 16:25,Delivered,2772.84,Credit Card,2.25,83,21.79
1023,297,180,17-04-2024 09:10,17-04-2024 10:25,Cancelled,3489.21,UPI,4.87,75,41.36
1024,390,33,23-12-2024 04:39,23-12-2024 05:45,Cancelled,2019.72,Cash,3.05,66,15.62
1025,464,62,21-05-2025 02:32,21-05-2025 03:15,Cancelled,317.83,UPI,4.56,43,38.86
1026,398,8,21-05-2024 09:42,21-05-2024 10:44,Pending,4846.35,UPI,2.91,62,4.43
1027,184,81,28-10-2023 21:37,28-10-2023 22:40,Pending,4985.4,Credit Card,3.05,63,49.47
1028,312,173,14-07-2023 09:39,14-07-2023 11:04,Cancelled,3036.5,Credit Card,0.19,85,22.16
1029,302,33,26-03-2025 22:31,26-03-2025 23:51,Pending,1759.66,UPI,0.15,80,15.16
1030,326,13,27-09-2023 03:55,27-09-2023 04:36,Cancelled,1590.71,Credit Card,2.73,41,3.96
1031,382,179,20-11-2024 06:45,20-11-2024 07:27,Delivered,1350.39,Credit Card,4.18,42,44.49
1032,438,51,12-08-2024 01:52,12-08-2024 02:25,Delivered,2463.04,Cash,1.73,33,48.22
1033,43,84,02-09-2023 17:42,02-09-2023 19:11,Delivered,2815.64,Cash,3.61,89,23.35
1034,92,102,26-04-2025 14:16,26-04-2025 15:28,Delivered,2664.93,UPI,0.06,72,6.12
1035,488,56,14-05-2024 16:36,14-05-2024 17:27,Cancelled,1127.86,Credit Card,3.42,51,24.57
1036,253,119,12-05-2025 02:11,12-05-2025 03:06,Delivered,1241.1,Cash,1,55,45.09
1037,443,190,24-10-2023 09:07,24-10-2023 09:50,Pending,1663.66,UPI,3.27,43,49.8
1038,262,110,25-09-2023 04:31,25-09-2023 05:08,Pending,2442.69,UPI,4.12,37,26.35
1039,344,2,27-11-2024 21:01,27-11-2024 21:39,Delivered,2035.93,Credit Card,1.16,38,49.62
1040,420,129,14-01-2025 05:43,14-01-2025 06:33,Cancelled,3426.12,Cash,0.66,50,38
1041,21,184,04-08-2023 12:41,04-08-2023 14:01,Cancelled,771.29,Credit Card,3.94,80,4.39
1042,153,75,03-10-2024 02:58,03-10-2024 03:57,Delivered,2197.84,Credit Card,3.6,59,32.33
1043,222,26,25-08-2023 23:37,26-08-2023 00:32,Delivered,3410.78,Cash,0.5,55,21.19
1044,93,167,04-11-2024 15:08,04-11-2024 16:03,Delivered,651.12,UPI,0.36,55,13.31
1045,453,110,21-11-2023 17:00,21-11-2023 18:03,Cancelled,3674,Credit Card,0.1,63,5.43
1046,373,83,17-03-2025 03:34,17-03-2025 04:10,Delivered,4388.37,Credit Card,2.12,36,3.22
1047,325,88,15-03-2025 14:41,15-03-2025 16:09,Pending,1055.15,Credit Card,2.14,88,48.59
1048,126,2,06-08-2024 00:17,06-08-2024 01:38,Pending,4339.06,UPI,4.72,81,13.37
1049,317,126,01-06-2024 20:43,01-06-2024 21:56,Pending,4121.82,Credit Card,3.34,73,16.63
1050,362,171,17-07-2023 22:09,17-07-2023 22:51,Cancelled,3374.34,Cash,0.94,42,12.57
1051,92,8,02-02-2025 18:15,02-02-2025 19:26,Delivered,22.05,Cash,2.46,71,22.05
1052,329,179,26-12-2023 23:27,27-12-2023 00:26,Cancelled,911.89,Credit Card,0.25,59,24.89
1053,119,129,02-09-2024 22:21,02-09-2024 23:31,Pending,3325.85,Cash,3.48,70,48.87
1054,332,108,16-08-2023 10:17,16-08-2023 11:42,Cancelled,1138.52,Cash,4.13,85,1.69
1055,341,97,27-01-2024 08:11,27-01-2024 09:23,Delivered,516.18,Cash,1.29,72,46.78
1056,133,33,24-05-2024 11:11,24-05-2024 11:58,Cancelled,3043.88,UPI,0.58,47,16.88
1057,363,81,24-03-2025 17:20,24-03-2025 18:17,Cancelled,941.24,UPI,4.75,57,16.8
1058,127,114,10-10-2024 00:24,10-10-2024 01:45,Cancelled,2102.24,Cash,0.08,81,13.82
1059,119,64,12-12-2024 04:47,12-12-2024 05:54,Cancelled,699.47,UPI,2.18,67,20.21
1060,308,61,15-05-2025 19:17,15-05-2025 19:58,Pending,2139.04,Credit Card,2.9,41,45.36
1061,419,173,15-08-2023 10:00,15-08-2023 11:19,Pending,2683.75,UPI,4.79,79,9.07
1062,406,15,24-10-2024 01:17,24-10-2024 01:59,Cancelled,732.69,Credit Card,0.51,42,30.29
1063,101,33,09-05-2024 07:04,09-05-2024 08:18,Pending,243.21,Credit Card,4.84,74,6.49
1064,212,130,15-04-2024 09:13,15-04-2024 10:04,Cancelled,3506.68,Cash,1.46,51,39.44
1065,102,180,11-12-2023 13:08,11-12-2023 14:09,Pending,1682.54,UPI,1.66,61,2.38
1066,295,113,16-06-2024 18:12,16-06-2024 19:10,Pending,4023.82,Cash,3.47,58,16.37
1067,406,99,08-01-2024 02:53,08-01-2024 03:51,Pending,785.37,UPI,4.15,58,6.48
1068,132,155,12-08-2023 12:49,12-08-2023 13:29,Delivered,1895.41,UPI,4.16,40,24.04
1069,307,198,17-04-2025 14:54,17-04-2025 15:29,Pending,1184.9,Credit Card,1.72,35,14.02
1070,97,51,07-02-2024 23:31,08-02-2024 00:34,Pending,2176.08,Credit Card,4.82,63,34.95
1071,352,37,03-03-2025 18:04,03-03-2025 19:21,Delivered,4015.32,Cash,4.89,77,13.06
1072,109,99,29-10-2023 08:48,29-10-2023 10:08,Pending,1032.6,Cash,1.61,80,0.62
1073,369,109,12-08-2023 13:05,12-08-2023 13:38,Pending,4363.36,Cash,3.66,33,43.81
1074,143,49,19-12-2023 16:47,19-12-2023 18:16,Cancelled,305.18,Credit Card,3,89,47.12
1075,246,97,22-11-2023 19:25,22-11-2023 20:43,Delivered,4174.17,Credit Card,2.94,78,11.98
1076,240,109,08-03-2025 03:42,08-03-2025 04:19,Cancelled,2807.47,Cash,3.19,37,1.97
1077,252,48,29-04-2024 16:25,29-04-2024 17:26,Cancelled,1381.01,Cash,0.73,61,30.8
1078,173,43,11-11-2024 19:55,11-11-2024 21:19,Delivered,2658.95,Credit Card,4.93,84,37.46
1079,315,118,23-04-2024 15:32,23-04-2024 16:26,Delivered,3774.85,Credit Card,3.9,54,10.28
1080,465,1,19-11-2023 19:04,19-11-2023 19:54,Cancelled,4794.52,UPI,3.3,50,21.77
1081,61,28,22-07-2023 17:53,22-07-2023 18:35,Delivered,4010.5,Credit Card,2.59,42,4.43
1082,267,125,01-12-2023 00:39,01-12-2023 01:56,Delivered,3252.04,Credit Card,0.63,77,33.44
1083,209,43,14-05-2024 15:31,14-05-2024 16:03,Pending,2664.12,Credit Card,4.56,32,12.21
1084,118,115,16-09-2024 10:01,16-09-2024 11:19,Delivered,3089.75,UPI,3.45,78,20.05
1085,358,171,15-11-2023 19:51,15-11-2023 20:25,Pending,3233.54,UPI,2.27,34,44.79
1086,5,139,18-12-2023 06:13,18-12-2023 07:11,Cancelled,4737,Credit Card,2.71,58,29.17
1087,103,25,05-04-2025 17:08,05-04-2025 17:56,Delivered,2348.72,Credit Card,0.44,48,6.11
1088,411,51,25-03-2024 13:41,25-03-2024 14:11,Delivered,1640.89,Credit Card,4.5,30,4.22
1089,399,81,15-11-2024 12:33,15-11-2024 13:27,Cancelled,104.51,UPI,1.78,54,41.66
1090,382,46,23-09-2024 23:17,24-09-2024 00:27,Delivered,2115.41,UPI,2.98,70,47.79
1091,300,173,09-07-2024 21:10,09-07-2024 22:38,Delivered,1270.08,Cash,3.82,88,35.9
1092,226,95,30-07-2024 04:17,30-07-2024 05:31,Cancelled,456.94,UPI,0.36,74,32.22
1093,6,43,11-09-2024 22:25,11-09-2024 23:06,Pending,4322.58,UPI,2.86,41,4.49
1094,399,42,12-11-2024 18:04,12-11-2024 19:29,Delivered,64.32,Cash,4.52,85,23.31
1095,430,69,08-04-2025 08:17,08-04-2025 09:06,Pending,2716.24,UPI,0.58,49,14.35
1096,26,162,14-03-2024 00:08,14-03-2024 01:06,Delivered,1752.24,Cash,4.93,58,38.32
1097,275,200,25-02-2024 21:48,25-02-2024 22:34,Cancelled,4820.33,UPI,2.73,46,49.56
1098,241,76,23-07-2023 19:59,23-07-2023 20:54,Pending,3080.98,Cash,2.67,55,9.97
1099,143,64,20-12-2024 00:18,20-12-2024 01:00,Pending,1397.3,Credit Card,3.46,42,33.47
1100,344,133,06-03-2024 02:13,06-03-2024 03:32,Pending,547.77,UPI,0.58,79,2.24
1101,482,14,29-10-2023 01:00,29-10-2023 01:32,Cancelled,717.44,Cash,1.75,32,27.47
1102,19,33,12-01-2025 11:52,12-01-2025 13:08,Delivered,886.48,UPI,1.05,76,26.7
1103,283,154,22-07-2024 04:21,22-07-2024 05:48,Cancelled,3990.61,Cash,2.94,87,9.63
1104,440,199,01-04-2024 01:29,01-04-2024 02:27,Cancelled,4675.9,Cash,2,58,35.32
1105,489,76,14-01-2024 08:21,14-01-2024 08:57,Pending,2172.64,Credit Card,3.26,36,22.15
1106,79,146,30-12-2023 10:09,30-12-2023 11:13,Pending,2130.95,Credit Card,3.55,64,26.27
1107,404,25,26-01-2025 08:35,26-01-2025 09:12,Pending,1773.86,UPI,1.95,37,41.92
1108,1,104,14-01-2025 17:58,14-01-2025 18:53,Delivered,2816.2,Cash,0.14,55,6.28
1109,443,109,23-12-2024 11:14,23-12-2024 11:44,Cancelled,947.86,Cash,3.74,30,14.54
1110,78,183,19-02-2025 17:43,19-02-2025 19:03,Pending,4850.84,Cash,4.52,80,15.45
1111,292,108,18-12-2023 05:27,18-12-2023 05:59,Pending,1549.16,Cash,3.4,32,37.99
1112,134,7,17-12-2023 20:21,17-12-2023 21:22,Pending,678.72,UPI,1.79,61,6.32
1113,55,149,30-05-2025 21:15,30-05-2025 22:35,Pending,1669.47,Cash,3.34,80,15.69
1114,104,153,22-02-2025 01:17,22-02-2025 02:22,Delivered,2125.02,UPI,4.18,65,8.18
1115,320,173,15-10-2023 09:03,15-10-2023 09:43,Delivered,423.66,Cash,2.87,40,32.38
1116,366,32,15-04-2025 21:09,15-04-2025 21:55,Cancelled,2024.73,UPI,3.43,46,7.02
1117,215,116,17-02-2025 04:49,17-02-2025 05:54,Delivered,246.55,UPI,4.43,65,13.45
1118,431,33,02-05-2024 07:02,02-05-2024 07:40,Pending,396.92,Cash,4.01,38,20.68
1119,100,198,24-12-2024 20:17,24-12-2024 21:45,Cancelled,2138.89,Cash,1.4,88,31.41
1120,155,96,24-07-2024 07:03,24-07-2024 08:05,Pending,2762.77,UPI,1.89,62,46.78
1121,452,29,25-05-2025 15:01,25-05-2025 16:20,Pending,4223.6,UPI,3.17,79,30.09
1122,114,23,04-08-2024 06:14,04-08-2024 06:53,Cancelled,3991.18,Credit Card,1.35,39,20.66
1123,408,193,21-04-2024 18:20,21-04-2024 19:08,Cancelled,4630,Credit Card,3.8,48,20.54
1124,259,86,16-01-2024 11:30,16-01-2024 12:30,Pending,4308.17,Cash,0.4,60,11.87
1125,448,118,29-08-2024 00:48,29-08-2024 01:33,Delivered,4484.25,UPI,2.44,45,13.79
1126,178,6,25-02-2025 22:06,25-02-2025 23:28,Delivered,853.89,Cash,2.3,82,22.86
1127,333,43,22-01-2025 21:20,22-01-2025 22:18,Delivered,3621.41,Credit Card,0.22,58,45.82
1128,487,161,01-08-2023 17:10,01-08-2023 17:58,Delivered,96.13,Credit Card,4.73,48,43.03
1129,8,176,26-10-2024 21:40,26-10-2024 23:00,Cancelled,4159.58,UPI,4.49,80,49.9
1130,134,96,12-02-2024 18:46,12-02-2024 19:34,Cancelled,1021.76,UPI,4.65,48,3.34
1131,399,21,11-03-2025 20:24,11-03-2025 21:23,Cancelled,4276.13,Cash,2,59,42.13
1132,62,153,25-04-2025 01:24,25-04-2025 02:14,Pending,178.75,UPI,4.34,50,39.84
1133,100,3,20-05-2025 01:21,20-05-2025 02:14,Pending,1829.18,Cash,3.77,53,27.2
1134,476,11,22-12-2024 23:14,23-12-2024 00:07,Cancelled,4617.73,Cash,0.04,53,11.51
1135,178,44,16-12-2023 18:48,16-12-2023 19:18,Cancelled,4237.09,Credit Card,2.09,30,36.95
1136,179,93,25-08-2024 10:50,25-08-2024 11:32,Pending,3942.72,Cash,2.28,42,40.13
1137,143,25,15-05-2025 11:16,15-05-2025 12:04,Cancelled,3696.76,Credit Card,4.63,48,10.33
1138,185,134,10-07-2025 18:09,10-07-2025 19:21,Cancelled,4616.75,Cash,0.17,72,38.12
1139,197,2,18-09-2023 14:04,18-09-2023 14:52,Cancelled,704.53,Cash,3.92,48,17.5
1140,132,41,31-01-2025 07:01,31-01-2025 08:15,Cancelled,3634,Credit Card,2.31,74,6.02
1141,130,187,06-02-2025 09:19,06-02-2025 10:12,Pending,322.77,Credit Card,3.21,53,33.74
1142,242,106,19-07-2024 16:16,19-07-2024 17:20,Pending,3723.71,Credit Card,4.56,64,6.27
1143,140,190,17-07-2024 19:00,17-07-2024 20:24,Delivered,1575.58,Cash,3.61,84,7.1
1144,401,32,25-02-2024 17:01,25-02-2024 18:04,Cancelled,2824.37,UPI,3.07,63,8.06
1145,479,160,17-06-2024 15:34,17-06-2024 16:36,Pending,198.71,UPI,1.8,62,28.23
1146,458,178,12-10-2023 00:48,12-10-2023 01:33,Pending,1823.07,Credit Card,3.11,45,17.09
1147,116,180,01-06-2024 18:53,01-06-2024 19:35,Pending,4072.22,UPI,1.35,42,4.25
1148,459,198,17-12-2023 21:53,17-12-2023 23:09,Pending,882.65,Credit Card,2.1,76,7.07
1149,477,125,11-03-2024 01:59,11-03-2024 03:04,Pending,2733.63,UPI,3.32,65,45
1150,224,114,22-09-2024 18:29,22-09-2024 19:26,Pending,26.33,UPI,2.87,57,7.93
1151,432,180,25-02-2025 00:19,25-02-2025 01:42,Delivered,1340.68,Cash,4.26,83,19.27
1152,390,132,25-03-2024 10:09,25-03-2024 11:16,Delivered,624.14,Cash,0.28,67,38.19
1153,374,118,02-11-2024 07:26,02-11-2024 07:56,Delivered,3185.95,Credit Card,0.44,30,4.47
1154,132,110,18-10-2023 23:12,19-10-2023 00:02,Cancelled,4742.09,UPI,0.68,50,22.56
1155,298,126,08-10-2023 06:43,08-10-2023 07:22,Cancelled,4111.84,UPI,1.39,39,30.23
1156,19,134,15-03-2024 18:26,15-03-2024 19:14,Delivered,4871.11,UPI,0.11,48,21.52
1157,344,106,20-04-2025 10:26,20-04-2025 10:56,Pending,4885.68,Cash,1.19,30,4.46
1158,406,136,28-12-2024 23:45,29-12-2024 00:30,Delivered,3225.61,Credit Card,0.24,45,30.19
1159,49,32,26-08-2024 19:02,26-08-2024 20:11,Pending,979.92,UPI,4.66,69,36.48
1160,73,53,19-12-2024 13:01,19-12-2024 13:39,Pending,4143.86,Credit Card,4.45,38,13.22
1161,290,48,22-01-2025 11:11,22-01-2025 12:31,Cancelled,3011.21,UPI,4.6,80,2.26
1162,182,48,03-06-2025 21:27,03-06-2025 22:15,Delivered,41.16,Credit Card,2.55,48,23.73
1163,436,91,15-05-2025 01:01,15-05-2025 02:27,Delivered,2073.77,Credit Card,1.47,86,11.6
1164,190,51,29-07-2024 13:00,29-07-2024 14:07,Cancelled,682.9,UPI,0.92,67,27.32
1165,351,166,19-02-2024 18:49,19-02-2024 19:32,Cancelled,2417.45,UPI,4.64,43,40.03
1166,35,117,15-09-2024 15:54,15-09-2024 16:32,Delivered,438.73,Credit Card,4.74,38,7.37
1167,10,87,06-10-2024 02:09,06-10-2024 03:01,Cancelled,2024.48,Cash,3.25,52,34.61
1168,485,161,02-02-2024 14:47,02-02-2024 15:48,Cancelled,1833.07,UPI,4.21,61,29.3
1169,60,4,20-11-2024 22:47,20-11-2024 23:56,Cancelled,2911.44,UPI,3.34,69,27.63
1170,498,63,04-03-2025 11:41,04-03-2025 12:18,Cancelled,4492.07,Cash,3.69,37,40.7
1171,176,132,18-06-2024 17:49,18-06-2024 19:03,Delivered,3786.31,UPI,4.11,74,43.33
1172,489,39,15-05-2025 18:24,15-05-2025 19:40,Cancelled,3456.02,Credit Card,2.62,76,13.02
1173,216,190,10-05-2025 09:22,10-05-2025 10:40,Cancelled,3441.52,Credit Card,4.2,78,9.71
1174,180,197,14-06-2024 19:47,14-06-2024 20:34,Delivered,2585.08,Cash,1.91,47,34.1
1175,9,144,09-07-2024 12:23,09-07-2024 12:56,Cancelled,608.51,UPI,0.82,33,18.43
1176,84,95,12-11-2023 23:34,13-11-2023 00:52,Pending,4143.46,Credit Card,2.3,78,8.61
1177,264,45,14-11-2024 01:34,14-11-2024 02:26,Pending,3048.53,Credit Card,4.04,52,18.8
1178,390,94,26-06-2025 09:45,26-06-2025 10:35,Delivered,4278.08,Cash,0.3,50,0.65
1179,230,106,13-08-2023 19:25,13-08-2023 20:14,Pending,565.09,Credit Card,2.26,49,6.8
1180,438,111,13-04-2024 10:46,13-04-2024 11:48,Cancelled,1674.6,UPI,4.95,62,37.49
1181,341,127,26-10-2024 11:05,26-10-2024 12:20,Pending,1619.69,UPI,0.75,75,40.82
1182,28,155,12-07-2025 11:52,12-07-2025 12:40,Pending,3930.71,Credit Card,4.36,48,13.42
1183,93,50,21-11-2023 22:15,21-11-2023 23:30,Delivered,1588.71,UPI,3.94,75,27.24
1184,266,101,12-10-2024 08:11,12-10-2024 09:34,Pending,1845.52,UPI,2.25,83,1.6
1185,88,79,22-04-2025 17:42,22-04-2025 19:07,Pending,4189.26,Credit Card,3.25,85,38.89
1186,267,7,23-08-2023 21:55,23-08-2023 23:21,Cancelled,3407.73,Cash,4.01,86,15.01
1187,483,178,10-08-2024 01:46,10-08-2024 02:52,Pending,1942.09,Cash,1.21,66,18.25
1188,11,193,11-12-2023 00:34,11-12-2023 01:50,Pending,365.48,Cash,3.38,76,12.89
1189,463,11,04-01-2024 13:28,04-01-2024 14:07,Delivered,2900.21,UPI,1.64,39,43.12
1190,487,61,31-05-2024 01:30,31-05-2024 02:34,Cancelled,4205.34,Credit Card,2.81,64,20.7
1191,349,147,05-09-2024 13:08,05-09-2024 14:03,Pending,2725.73,Cash,4.84,55,46.35
1192,287,94,03-05-2025 17:58,03-05-2025 19:10,Cancelled,4904.7,Credit Card,0.51,72,16.36
1193,292,168,13-08-2024 12:32,13-08-2024 13:07,Cancelled,4767.05,Cash,3.25,35,37.28
1194,279,17,04-01-2024 06:02,04-01-2024 06:53,Pending,589.4,Credit Card,4.14,51,36.47
1195,172,153,16-03-2024 02:00,16-03-2024 03:15,Pending,2489.33,UPI,2.81,75,6.54
1196,366,155,17-08-2023 05:43,17-08-2023 06:30,Delivered,720.85,Credit Card,3.58,47,6.49
1197,433,140,13-12-2023 21:30,13-12-2023 22:54,Delivered,1387.27,UPI,1.88,84,6.16
1198,395,115,13-07-2024 04:16,13-07-2024 04:46,Delivered,3972.06,Cash,2.67,30,23.53
1199,193,152,15-12-2023 23:13,16-12-2023 00:25,Pending,1603.04,Cash,0.95,72,13.57
1200,174,56,22-07-2023 08:23,22-07-2023 08:58,Cancelled,1179.71,Cash,4.7,35,4.54
1201,340,55,17-12-2023 08:55,17-12-2023 09:51,Pending,4396.75,UPI,4.96,56,40.59
1202,440,133,05-07-2025 14:39,05-07-2025 15:26,Cancelled,3281.52,UPI,3.38,47,42.75
1203,20,39,12-01-2025 11:25,12-01-2025 12:43,Cancelled,2516.72,Credit Card,2.38,78,16.66
1204,160,113,19-01-2025 09:16,19-01-2025 10:22,Delivered,4757.05,Cash,1.66,66,13.06
1205,122,124,01-09-2023 23:51,02-09-2023 00:33,Pending,4087.93,Credit Card,4.09,42,40.86
1206,373,198,20-08-2023 00:14,20-08-2023 00:59,Delivered,1378.47,Cash,2.49,45,27.88
1207,256,98,08-11-2023 18:05,08-11-2023 18:52,Cancelled,617.8,UPI,4.4,47,29.14
1208,41,136,15-02-2025 04:52,15-02-2025 05:38,Delivered,3702.06,Credit Card,4.93,46,6.56
1209,286,39,11-02-2025 13:01,11-02-2025 13:33,Pending,2801.3,UPI,2.97,32,33.99
1210,39,87,30-10-2023 08:14,30-10-2023 09:13,Cancelled,4743.99,Credit Card,2,59,3.3
1211,13,188,29-10-2024 03:46,29-10-2024 04:33,Cancelled,3930.35,Credit Card,1.68,47,39.01
1212,179,6,09-10-2023 03:36,09-10-2023 04:41,Delivered,1161.9,Credit Card,2.44,65,42.21
1213,26,75,27-01-2024 11:31,27-01-2024 12:49,Cancelled,3044.54,Credit Card,0.47,78,46.17
1214,357,55,10-03-2024 00:42,10-03-2024 02:09,Delivered,899.15,Cash,2.25,87,29.8
1215,13,43,02-12-2024 19:20,02-12-2024 20:43,Cancelled,58.9,Credit Card,1.82,83,20.1
1216,56,35,12-12-2024 00:27,12-12-2024 01:29,Delivered,1959.2,Credit Card,3.98,62,45.11
1217,440,133,26-02-2024 10:01,26-02-2024 11:18,Cancelled,1436.36,Credit Card,0.02,77,48.43
1218,442,141,11-06-2025 23:56,12-06-2025 00:35,Pending,2172.29,Credit Card,0.02,39,21.06
1219,362,149,25-06-2024 15:23,25-06-2024 15:59,Cancelled,3625.28,UPI,1.38,36,49.94
1220,34,198,06-08-2023 22:18,06-08-2023 22:56,Delivered,4823.18,UPI,3.26,38,1.77
1221,356,188,24-04-2025 07:45,24-04-2025 08:36,Cancelled,1740.65,UPI,2.64,51,1.16
1222,205,196,14-12-2024 00:44,14-12-2024 01:51,Pending,1733.89,UPI,2.27,67,11.47
1223,460,152,09-07-2025 05:27,09-07-2025 06:36,Delivered,2749.48,UPI,4.91,69,44.94
1224,371,12,28-10-2024 01:45,28-10-2024 02:54,Delivered,3678.17,Cash,0.51,69,36.23
1225,107,17,02-08-2024 04:25,02-08-2024 04:58,Cancelled,2012.51,UPI,2.33,33,1.74
1226,81,62,01-12-2024 04:34,01-12-2024 05:57,Pending,3217.67,UPI,3.11,83,47.17
1227,23,172,11-11-2024 18:10,11-11-2024 18:56,Delivered,1353.81,UPI,3.33,46,40.45
1228,25,121,28-02-2025 23:03,01-03-2025 00:06,Cancelled,2758.14,Credit Card,4.1,63,23.83
1229,169,181,11-01-2024 09:54,11-01-2024 10:53,Cancelled,3121.54,UPI,4.82,59,48.81
1230,261,84,19-06-2025 07:19,19-06-2025 08:22,Delivered,2879.28,Cash,0.09,63,19.84
1231,98,114,09-03-2024 07:38,09-03-2024 08:16,Delivered,2837.88,Credit Card,2.97,38,43.52
1232,325,124,09-05-2024 07:05,09-05-2024 08:35,Cancelled,2544.53,UPI,2.48,90,43.29
1233,111,146,06-09-2023 06:22,06-09-2023 07:45,Delivered,1782.57,Credit Card,1.21,83,32.05
1234,406,32,26-06-2025 14:07,26-06-2025 14:50,Pending,3270.01,Credit Card,0.74,43,36.74
1235,490,194,03-04-2025 16:48,03-04-2025 17:58,Cancelled,2536.96,UPI,0.18,70,7.91
1236,339,134,22-12-2024 21:55,22-12-2024 23:06,Cancelled,1104.45,Credit Card,0.33,71,9.75
1237,210,162,06-09-2024 08:11,06-09-2024 08:54,Cancelled,3178.06,Credit Card,4.91,43,36.85
1238,367,53,26-05-2024 08:47,26-05-2024 09:33,Pending,3072.88,Cash,3.5,46,5.39
1239,432,187,25-06-2025 09:48,25-06-2025 10:49,Delivered,4373.12,Credit Card,2.2,61,23.74
1240,437,169,20-11-2024 11:27,20-11-2024 12:28,Delivered,4635.01,Cash,4.2,61,28.68
1241,309,125,13-09-2024 21:57,13-09-2024 22:53,Delivered,2243.41,UPI,4.34,56,23.62
1242,118,63,25-05-2024 23:18,26-05-2024 00:38,Delivered,4896.47,Credit Card,0.13,80,36.88
1243,236,51,21-01-2024 15:30,21-01-2024 16:29,Pending,2354.65,Credit Card,1.11,59,37.27
1244,239,38,18-08-2023 10:13,18-08-2023 11:22,Delivered,3961.7,UPI,1.59,69,35.33
1245,123,107,12-11-2023 19:07,12-11-2023 20:15,Delivered,3692.88,UPI,4.14,68,15.21
1246,188,53,06-06-2025 01:33,06-06-2025 02:10,Pending,569.73,Credit Card,2.88,37,26.53
1247,178,39,21-03-2025 19:54,21-03-2025 20:35,Cancelled,676.82,Credit Card,4.13,41,32.46
1248,348,185,27-10-2023 12:29,27-10-2023 13:52,Delivered,1217.57,UPI,2.22,83,14.7
1249,320,57,02-05-2025 09:34,02-05-2025 10:56,Cancelled,2901.12,Cash,3.38,82,30.33
1250,194,106,11-07-2024 22:02,11-07-2024 22:45,Delivered,219.47,Cash,2.25,43,36.43
1251,308,100,04-04-2024 12:07,04-04-2024 12:50,Pending,4147.15,UPI,1.6,43,44.27
1252,267,190,16-01-2024 02:08,16-01-2024 03:10,Delivered,2020.07,Credit Card,3.94,62,31.48
1253,411,140,02-08-2023 05:19,02-08-2023 06:13,Pending,2565.76,Cash,2.61,54,42.84
1254,465,176,03-01-2025 13:17,03-01-2025 14:02,Pending,2770.34,Credit Card,1.47,45,37.77
1255,304,93,22-05-2025 00:19,22-05-2025 01:02,Cancelled,57.07,UPI,3.92,43,28.37
1256,451,173,15-08-2024 14:26,15-08-2024 15:02,Delivered,397.94,Credit Card,2.09,36,24.2
1257,283,61,25-01-2025 19:03,25-01-2025 19:43,Delivered,1714.99,UPI,2.05,40,23.9
1258,355,45,03-01-2024 18:21,03-01-2024 19:21,Delivered,3659.09,UPI,0.78,60,5.08
1259,65,41,30-04-2024 18:38,30-04-2024 20:03,Pending,4448.26,Cash,4.33,85,17.43
1260,42,30,30-12-2024 13:09,30-12-2024 14:23,Pending,4909.15,UPI,3.2,74,38.2
1261,23,66,11-01-2025 03:42,11-01-2025 05:02,Pending,4732.44,UPI,1.37,80,31
1262,129,137,28-06-2025 00:06,28-06-2025 00:36,Cancelled,4807.79,Credit Card,4.09,30,35.87
1263,450,41,04-09-2023 13:58,04-09-2023 14:42,Cancelled,1878.1,Credit Card,0.8,44,29.6
1264,373,120,17-09-2023 11:10,17-09-2023 12:13,Pending,2657.84,Cash,4.13,63,36.64
1265,103,97,02-12-2024 17:23,02-12-2024 18:10,Delivered,2766.32,Credit Card,0.89,47,8.66
1266,443,155,20-06-2024 14:46,20-06-2024 15:54,Pending,3513.76,Credit Card,0.97,68,18.42
1267,463,38,09-04-2024 10:13,09-04-2024 11:41,Delivered,4265.59,Cash,3.12,88,32.71
1268,180,69,16-07-2023 06:00,16-07-2023 07:19,Pending,3766.64,Credit Card,4.57,79,16.6
1269,453,171,26-02-2024 22:52,26-02-2024 23:45,Cancelled,3282.77,Credit Card,1.37,53,39.07
1270,223,156,07-08-2023 07:15,07-08-2023 08:45,Delivered,1616.67,Credit Card,1.33,90,20.04
1271,127,178,09-07-2025 10:11,09-07-2025 11:36,Delivered,4945.92,UPI,3.08,85,48.85
1272,413,111,06-03-2025 14:22,06-03-2025 15:36,Delivered,1909.16,Credit Card,3.3,74,20.54
1273,269,155,20-11-2023 10:38,20-11-2023 11:57,Delivered,2146.03,Cash,4.32,79,10.23
1274,216,177,24-05-2024 00:10,24-05-2024 01:14,Cancelled,662.53,UPI,4.95,64,1.04
1275,239,152,19-09-2024 08:09,19-09-2024 08:53,Pending,3261.69,Credit Card,4.98,44,38.96
1276,260,33,16-12-2024 07:18,16-12-2024 08:28,Cancelled,4480.4,Cash,1.1,70,8.78
1277,12,23,06-10-2023 20:42,06-10-2023 21:54,Cancelled,2219.1,Cash,1.18,72,41.1
1278,148,101,12-07-2025 23:33,13-07-2025 00:14,Cancelled,4153.35,UPI,4.65,41,42.06
1279,286,48,22-03-2025 20:15,22-03-2025 21:04,Pending,827.27,UPI,0.01,49,16.49
1280,27,167,07-07-2025 19:12,07-07-2025 20:00,Cancelled,1392.7,Cash,4.22,48,5.39
1281,86,19,31-01-2024 04:47,31-01-2024 05:49,Delivered,4502.69,Credit Card,2.24,62,49.33
1282,430,32,17-12-2024 14:35,17-12-2024 15:15,Delivered,698.63,Credit Card,4.78,40,8.68
1283,456,65,25-01-2025 06:33,25-01-2025 07:08,Cancelled,934.65,Cash,1.08,35,46.31
1284,185,127,19-04-2025 14:21,19-04-2025 15:41,Delivered,2365.45,UPI,3.65,80,34.73
1285,164,109,25-01-2024 17:36,25-01-2024 18:50,Pending,783.91,Cash,3.47,74,21.25
1286,166,181,13-11-2024 10:10,13-11-2024 11:00,Pending,1974.33,UPI,1.78,50,18.05
1287,201,135,03-05-2025 13:38,03-05-2025 15:04,Cancelled,4507.38,Cash,1.8,86,15.53
1288,23,182,02-11-2024 00:52,02-11-2024 02:18,Delivered,405.85,Credit Card,1.58,86,34.35
1289,38,117,26-08-2024 02:02,26-08-2024 03:17,Delivered,4685.9,Cash,3.68,75,38.76
1290,280,135,26-10-2024 19:33,26-10-2024 20:16,Pending,3852.03,UPI,0.72,43,33.96
1291,269,111,25-08-2023 21:35,25-08-2023 23:02,Cancelled,4055.09,UPI,4.29,87,16.81
1292,215,138,06-08-2023 14:46,06-08-2023 15:32,Delivered,3932.47,Credit Card,1.36,46,37.26
1293,83,43,06-01-2025 06:27,06-01-2025 07:19,Pending,4359.53,Cash,2.91,52,1.78
1294,129,23,20-06-2024 17:04,20-06-2024 18:27,Delivered,739.1,Credit Card,2.22,83,31.53
1295,285,112,29-08-2024 17:53,29-08-2024 19:11,Cancelled,285.07,Credit Card,3.56,78,13.48
1296,282,8,10-12-2024 03:34,10-12-2024 04:28,Cancelled,4621.23,Cash,2.74,54,6.37
1297,179,52,09-09-2023 13:05,09-09-2023 13:49,Pending,4521.24,Credit Card,4.18,44,35.95
1298,379,12,06-07-2024 04:04,06-07-2024 04:57,Cancelled,329.77,Cash,1.55,53,0.79
1299,373,31,26-07-2023 10:02,26-07-2023 10:40,Delivered,2387.51,Cash,1.98,38,1.93
1300,247,40,31-12-2023 08:22,31-12-2023 09:31,Cancelled,1014.06,UPI,0.71,69,26.76
1301,30,28,29-04-2025 18:16,29-04-2025 18:55,Delivered,2984.28,Cash,4.21,39,45.25
1302,88,11,13-08-2023 01:30,13-08-2023 02:57,Pending,1587.59,UPI,3.7,87,11.55
1303,440,41,04-07-2024 09:32,04-07-2024 10:14,Pending,276.67,Credit Card,0.92,42,37.48
1304,158,103,04-07-2024 02:00,04-07-2024 03:02,Cancelled,2454.76,UPI,0.92,62,34.43
1305,345,81,12-09-2023 06:45,12-09-2023 07:39,Delivered,2362.83,UPI,2.73,54,45
1306,84,52,15-04-2024 00:42,15-04-2024 01:51,Cancelled,2689.21,Credit Card,4.15,69,38.42
1307,391,178,25-06-2024 13:49,25-06-2024 14:48,Delivered,4361.9,Credit Card,0.31,59,28.32
1308,140,3,23-06-2025 01:58,23-06-2025 02:36,Pending,3124.82,Credit Card,2.7,38,47.72
1309,205,189,28-06-2025 16:29,28-06-2025 17:07,Pending,2380.01,Credit Card,3.81,38,17.1
1310,252,122,12-03-2024 03:10,12-03-2024 04:27,Cancelled,3791.01,Cash,2.21,77,25.82
1311,100,100,24-10-2023 14:46,24-10-2023 15:47,Delivered,4297.41,Credit Card,1.11,61,11.25
1312,434,153,03-12-2023 13:17,03-12-2023 13:59,Delivered,3278.14,Cash,3.13,42,3.19
1313,225,188,04-11-2024 10:20,04-11-2024 11:49,Pending,3121.22,Credit Card,3.17,89,42.28
1314,395,121,14-11-2023 04:43,14-11-2023 05:23,Delivered,4725.04,Cash,0.66,40,16.52
1315,386,102,20-11-2023 23:27,21-11-2023 00:18,Pending,3015.45,Credit Card,1.32,51,46.51
1316,266,123,27-06-2025 20:18,27-06-2025 21:11,Pending,990.22,UPI,2.12,53,48.62
1317,301,97,07-05-2025 22:14,07-05-2025 23:41,Delivered,4466.98,Cash,2.6,87,36.11
1318,134,147,29-05-2025 03:38,29-05-2025 05:06,Delivered,1548.6,UPI,3.33,88,47.95
1319,474,93,28-07-2024 13:55,28-07-2024 15:23,Pending,3253.37,UPI,4.79,88,34.62
1320,232,189,18-11-2024 19:44,18-11-2024 20:56,Delivered,2276.88,UPI,0.55,72,4.43
1321,27,84,24-01-2024 11:21,24-01-2024 12:24,Cancelled,3007.58,Credit Card,4.17,63,25.1
1322,122,23,28-11-2024 03:09,28-11-2024 04:35,Delivered,2876.02,Cash,3.07,86,4.15
1323,93,48,11-07-2024 09:13,11-07-2024 09:51,Pending,940.89,Cash,3.56,38,23.48
1324,204,26,26-06-2025 04:45,26-06-2025 05:24,Pending,372.44,Credit Card,4.6,39,35.37
1325,98,178,03-05-2024 21:42,03-05-2024 22:53,Pending,4738.75,Credit Card,3.8,71,50
1326,182,139,12-09-2023 07:44,12-09-2023 09:14,Cancelled,3989.14,UPI,4.23,90,31.35
1327,359,59,23-03-2025 06:07,23-03-2025 07:02,Delivered,1549.88,Credit Card,3.58,55,42.52
1328,70,61,24-10-2024 07:49,24-10-2024 09:14,Delivered,3417.29,UPI,2.15,85,34.46
1329,105,111,01-06-2024 17:05,01-06-2024 17:52,Pending,872.04,Credit Card,0.03,47,48.23
1330,231,199,18-12-2023 04:38,18-12-2023 05:35,Delivered,2113.59,Cash,4.57,57,39.43
1331,213,144,01-05-2024 23:36,02-05-2024 00:35,Pending,1189.42,UPI,4.66,59,39.45
1332,403,129,04-02-2025 22:10,04-02-2025 23:28,Delivered,4473.58,Credit Card,3.23,78,34.99
1333,332,46,01-07-2024 17:07,01-07-2024 18:34,Cancelled,177.64,Cash,3.92,87,19.92
1334,241,138,12-05-2025 20:36,12-05-2025 21:32,Pending,2214.29,UPI,1.11,56,26.17
1335,474,121,03-01-2025 10:18,03-01-2025 11:26,Delivered,2438.4,Cash,1.27,68,38.1
1336,70,142,11-01-2024 14:51,11-01-2024 15:48,Cancelled,3034.18,UPI,0.77,57,4.75
1337,74,104,12-03-2024 21:34,12-03-2024 22:13,Delivered,3610.22,UPI,0.91,39,3.56
1338,35,104,02-06-2024 05:09,02-06-2024 06:06,Cancelled,3518.7,UPI,4.26,57,1.7
1339,250,154,30-12-2024 03:11,30-12-2024 04:05,Cancelled,2905.01,Cash,3.03,54,12.95
1340,284,143,05-01-2025 13:56,05-01-2025 14:57,Cancelled,34.37,Credit Card,2.59,61,34.37
1341,301,19,24-06-2025 00:11,24-06-2025 01:28,Cancelled,4898.18,Cash,4.04,77,16.55
1342,451,146,30-01-2024 09:39,30-01-2024 10:59,Cancelled,4045.32,Cash,3.61,80,4.81
1343,187,103,28-07-2024 18:45,28-07-2024 19:30,Delivered,4706.6,Credit Card,3.83,45,30.21
1344,298,94,20-10-2024 03:19,20-10-2024 04:48,Cancelled,2307.88,Credit Card,2.26,89,1.69
1345,499,61,12-11-2024 20:52,12-11-2024 21:59,Cancelled,2188.19,UPI,3.53,67,4.92
1346,107,24,20-03-2025 08:09,20-03-2025 08:57,Cancelled,2697.39,Cash,0.1,48,41.16
1347,326,54,22-09-2024 02:35,22-09-2024 03:21,Delivered,304.18,UPI,1.48,46,17.35
1348,82,191,09-09-2024 23:47,10-09-2024 00:39,Cancelled,1227.95,Credit Card,0.92,52,48.23
1349,207,36,19-05-2025 08:30,19-05-2025 09:53,Delivered,1854.82,UPI,4.29,83,41.41
1350,424,1,26-05-2024 01:56,26-05-2024 03:18,Pending,3498.62,Credit Card,1.69,82,39.57
1351,423,45,20-08-2023 13:04,20-08-2023 14:24,Cancelled,2950.94,Cash,2.17,80,23.66
1352,89,129,03-02-2025 02:31,03-02-2025 03:35,Cancelled,727.73,UPI,2.35,64,8.53
1353,42,138,08-04-2024 15:35,08-04-2024 16:20,Delivered,516.25,UPI,0.25,45,11.13
1354,208,102,28-05-2025 07:41,28-05-2025 08:51,Cancelled,2284.53,Credit Card,4.3,70,12.53
1355,487,24,25-08-2024 03:39,25-08-2024 04:57,Cancelled,4706.96,UPI,3.11,78,30
1356,438,37,08-01-2025 08:05,08-01-2025 08:46,Delivered,4750.12,Cash,3.57,41,32.68
1357,201,189,20-10-2023 09:48,20-10-2023 10:57,Cancelled,4754.57,UPI,3.96,69,3.31
1358,468,1,23-10-2023 18:42,23-10-2023 19:37,Cancelled,1213.54,UPI,2.6,55,48.69
1359,488,155,26-11-2023 17:39,26-11-2023 18:31,Delivered,3801.95,Credit Card,4.87,52,36.95
1360,499,113,17-12-2024 20:31,17-12-2024 21:37,Delivered,873.9,Cash,0.07,66,41.76
1361,444,106,14-01-2024 04:44,14-01-2024 05:42,Delivered,2747.89,Credit Card,3.05,58,7.62
1362,248,23,19-01-2024 16:45,19-01-2024 17:46,Pending,3796.34,Credit Card,3.75,61,29.31
1363,170,97,23-04-2024 03:02,23-04-2024 03:43,Delivered,1263.42,Credit Card,3.78,41,42.63
1364,281,156,07-01-2024 10:37,07-01-2024 11:14,Cancelled,2350.99,UPI,1.16,37,3.23
1365,254,183,04-03-2025 01:56,04-03-2025 03:05,Pending,1052.11,Credit Card,0.44,69,44.05
1366,4,61,01-12-2024 08:04,01-12-2024 08:40,Delivered,26.87,UPI,2.27,36,4.48
1367,254,82,12-07-2025 04:38,12-07-2025 06:02,Delivered,859.86,Cash,0.59,84,2.6
1368,161,100,03-06-2024 06:55,03-06-2024 07:25,Cancelled,756.8,Cash,1.3,30,39.57
1369,233,48,03-11-2023 12:31,03-11-2023 13:18,Pending,4787.75,Cash,4.26,47,0.25
1370,325,66,28-02-2025 17:04,28-02-2025 17:49,Cancelled,3820.43,UPI,4.32,45,16.98
1371,334,53,08-12-2024 20:58,08-12-2024 21:40,Pending,3656.74,Cash,1.92,42,12.07
1372,332,80,25-08-2024 03:00,25-08-2024 03:47,Cancelled,1763.36,Cash,1.87,47,16.09
1373,263,49,01-07-2025 08:19,01-07-2025 09:23,Pending,4163.9,UPI,0.04,64,12.14
1374,363,63,17-07-2024 06:48,17-07-2024 07:47,Cancelled,3763.63,Credit Card,1.9,59,15.29
1375,9,200,26-04-2024 05:02,26-04-2024 06:01,Pending,1161.8,Credit Card,4.1,59,35.14
1376,126,177,04-07-2024 00:33,04-07-2024 01:48,Pending,3211.19,UPI,3.09,75,48.08
1377,206,184,16-04-2025 20:39,16-04-2025 21:29,Cancelled,608.07,UPI,1.3,50,6.58
1378,299,88,24-08-2024 00:59,24-08-2024 01:37,Pending,2880.97,UPI,0.78,38,35
1379,101,98,15-10-2024 06:28,15-10-2024 07:55,Delivered,4588.25,UPI,4.55,87,37.82
1380,453,177,13-04-2025 16:25,13-04-2025 17:18,Pending,3778.99,Credit Card,4.4,53,26.76
1381,486,174,22-02-2025 07:11,22-02-2025 08:20,Delivered,3968.51,UPI,4.66,69,48.36
1382,161,122,23-06-2024 20:08,23-06-2024 20:40,Cancelled,4783.86,Cash,4.42,32,8.91
1383,334,24,15-04-2024 01:36,15-04-2024 02:34,Pending,1688.89,UPI,0.57,58,35.06
1384,421,25,22-09-2023 02:21,22-09-2023 03:42,Pending,2463.65,Cash,0.33,81,40.48
1385,469,74,16-09-2023 05:06,16-09-2023 06:13,Delivered,4233.23,Cash,4.44,67,45.16
1386,319,135,14-11-2024 14:46,14-11-2024 15:41,Pending,2706.15,UPI,1.66,55,20.7
1387,153,110,21-06-2024 00:36,21-06-2024 01:06,Pending,3629.25,Cash,2.83,30,9.95
1388,282,154,06-10-2024 00:27,06-10-2024 01:10,Cancelled,4853.5,Credit Card,2.61,43,44.63
1389,271,72,12-08-2023 15:22,12-08-2023 16:03,Delivered,2819.94,UPI,3.37,41,42.15
1390,168,104,02-09-2024 17:56,02-09-2024 19:12,Pending,736.82,UPI,3.31,76,14.8
1391,206,61,17-01-2025 13:04,17-01-2025 13:42,Delivered,3154.04,UPI,0.91,38,25.16
1392,144,15,15-07-2023 08:25,15-07-2023 09:49,Delivered,292.63,Cash,1.75,84,49.02
1393,401,76,19-12-2023 13:17,19-12-2023 14:41,Cancelled,2101.36,Cash,2.38,84,11.82
1394,448,112,17-01-2024 02:45,17-01-2024 03:53,Cancelled,2892.24,Cash,3.84,68,47.48
1395,34,98,23-04-2024 13:45,23-04-2024 14:35,Pending,3050.85,Credit Card,0.64,50,14.6
1396,145,62,07-03-2025 03:50,07-03-2025 04:48,Cancelled,4760.26,Credit Card,1.93,58,44.23
1397,192,39,29-10-2024 16:44,29-10-2024 17:38,Pending,1868.58,UPI,0.03,54,33.17
1398,153,57,17-10-2024 21:20,17-10-2024 21:55,Cancelled,4512.7,Cash,0.75,35,20.01
1399,24,2,19-11-2024 14:24,19-11-2024 15:23,Delivered,3805.07,UPI,3.05,59,47.43
1400,453,25,09-08-2023 16:29,09-08-2023 17:17,Cancelled,899.49,Credit Card,4.43,48,6.68
1401,119,52,04-02-2024 00:36,04-02-2024 01:10,Pending,503.06,UPI,3.61,34,27.48
1402,457,8,23-04-2025 11:55,23-04-2025 12:28,Pending,1016.92,Credit Card,2.75,33,43.39
1403,8,77,21-06-2025 02:19,21-06-2025 03:23,Delivered,1504.74,Cash,1.7,64,17.04
1404,7,199,23-11-2024 05:09,23-11-2024 06:38,Pending,569.25,Cash,1.51,89,40.07
1405,393,154,19-07-2023 06:46,19-07-2023 07:37,Pending,1501.82,Credit Card,3.9,51,3.05
1406,334,95,19-01-2025 10:28,19-01-2025 11:05,Delivered,3432,Credit Card,0.29,37,7.52
1407,351,108,20-01-2025 10:52,20-01-2025 11:24,Cancelled,1159.15,UPI,4.19,32,8.82
1408,30,156,26-07-2024 19:23,26-07-2024 20:36,Pending,894.63,UPI,3.54,73,31.6
1409,385,199,29-12-2023 04:15,29-12-2023 05:40,Cancelled,3216.54,UPI,1.77,85,45
1410,493,164,02-12-2023 20:39,02-12-2023 21:43,Pending,507.94,UPI,2.16,64,37.82
1411,303,80,20-08-2023 23:30,21-08-2023 00:28,Delivered,3128.09,Cash,1.85,58,17.06
1412,372,136,31-05-2025 01:26,31-05-2025 02:20,Cancelled,323.81,UPI,4.79,54,0.79
1413,413,57,03-07-2025 22:18,03-07-2025 23:22,Pending,1819.29,Cash,1.75,64,13.95
1414,71,65,04-07-2025 14:39,04-07-2025 15:11,Pending,1360.69,Credit Card,2.64,32,49.6
1415,146,31,24-04-2025 01:42,24-04-2025 03:05,Pending,1375.55,UPI,3.53,83,45.48
1416,499,174,01-07-2024 21:19,01-07-2024 22:17,Cancelled,2857.67,Credit Card,3.55,58,6.84
1417,436,177,23-08-2024 04:49,23-08-2024 05:20,Delivered,81.34,Cash,3.52,31,48.08
1418,446,12,03-02-2024 16:16,03-02-2024 17:40,Pending,1516.02,Cash,3.97,84,48.72
1419,322,168,25-02-2025 12:25,25-02-2025 13:21,Pending,2493.62,UPI,1.41,56,39.88
1420,457,8,16-12-2024 09:31,16-12-2024 10:42,Delivered,1702.72,Cash,0.63,71,10.55
1421,76,22,18-03-2025 07:43,18-03-2025 08:13,Pending,3314.24,UPI,1.23,30,29.99
1422,109,74,17-11-2023 02:44,17-11-2023 04:03,Cancelled,4603.29,Cash,3.03,79,45.95
1423,84,92,19-11-2024 18:05,19-11-2024 18:40,Cancelled,4124.15,Credit Card,1.31,35,0.75
1424,377,22,30-05-2024 14:32,30-05-2024 15:42,Delivered,879.85,Cash,1.84,70,27.65
1425,104,176,29-10-2024 23:29,30-10-2024 00:14,Pending,88.27,Cash,1.14,45,4.25
1426,436,52,17-11-2024 11:21,17-11-2024 12:42,Delivered,4610.82,Cash,3.45,81,40.76
1427,246,170,05-09-2024 05:13,05-09-2024 05:46,Pending,1853.62,UPI,0.53,33,17.72
1428,201,50,28-07-2023 13:39,28-07-2023 14:13,Pending,4968.06,Cash,0.67,34,43.99
1429,452,126,07-07-2024 06:37,07-07-2024 07:07,Pending,2537.7,Cash,3.66,30,41.97
1430,389,68,09-05-2025 17:42,09-05-2025 18:28,Cancelled,3038.93,Credit Card,3.2,46,42.1
1431,448,16,03-08-2023 14:16,03-08-2023 15:29,Delivered,3021.99,UPI,1.01,73,32.54
1432,138,187,15-12-2024 09:33,15-12-2024 10:55,Delivered,3123.59,UPI,1.23,82,40.21
1433,185,99,28-01-2024 07:46,28-01-2024 08:18,Cancelled,4391.75,Cash,2.84,32,6.62
1434,89,86,04-06-2024 15:46,04-06-2024 16:24,Cancelled,2023.46,Credit Card,0.31,38,23.35
1435,42,185,29-08-2023 14:42,29-08-2023 15:19,Pending,1102.94,Credit Card,2.91,37,6.93
1436,17,65,19-02-2024 07:41,19-02-2024 08:13,Cancelled,1728.01,Cash,1.4,32,10.2
1437,264,109,29-11-2024 09:35,29-11-2024 10:40,Delivered,2046.45,Cash,0.59,65,32.15
1438,98,29,11-05-2025 09:08,11-05-2025 10:24,Pending,1059.51,Cash,1.94,76,26.62
1439,307,199,17-01-2024 15:50,17-01-2024 17:06,Cancelled,2939.28,Cash,3,76,6.76
1440,109,120,09-06-2024 20:48,09-06-2024 21:44,Pending,2496.52,Credit Card,1.91,56,33.76
1441,242,55,13-04-2025 21:03,13-04-2025 21:56,Pending,783.22,UPI,4.46,53,17.13
1442,121,58,15-08-2023 08:27,15-08-2023 09:00,Cancelled,763.83,UPI,3.36,33,13.47
1443,7,135,28-01-2025 10:40,28-01-2025 11:53,Delivered,4949.19,Cash,3.13,73,19.45
1444,16,27,30-06-2025 09:35,30-06-2025 10:37,Delivered,2861.09,Credit Card,3.6,62,26.18
1445,495,111,16-03-2024 13:00,16-03-2024 14:09,Delivered,3200.15,Credit Card,3.26,69,30.78
1446,443,146,11-01-2024 19:28,11-01-2024 20:45,Cancelled,1794.38,Credit Card,2.71,77,12.34
1447,186,14,22-07-2024 14:55,22-07-2024 15:44,Cancelled,1288,UPI,0.77,49,31.36
1448,398,126,28-11-2023 02:04,28-11-2023 02:49,Cancelled,860.39,UPI,2.07,45,5.34
1449,357,141,01-10-2023 16:53,01-10-2023 18:16,Cancelled,360.84,Credit Card,2.11,83,22.19
1450,246,193,11-05-2024 20:45,11-05-2024 21:37,Pending,3072,UPI,0.67,52,9.18
1451,408,63,11-05-2025 20:12,11-05-2025 21:17,Delivered,3564.06,UPI,3.45,65,33.94
1452,421,91,16-09-2023 08:15,16-09-2023 09:22,Delivered,131.9,Cash,2.61,67,40.96
1453,430,25,28-01-2024 15:39,28-01-2024 16:34,Delivered,1687.56,UPI,3.78,55,10.86
1454,351,168,15-01-2025 02:57,15-01-2025 03:50,Cancelled,1886.24,UPI,3.91,53,33.53
1455,479,21,09-12-2023 08:19,09-12-2023 09:40,Pending,84.8,Cash,2.82,81,45.97
1456,10,181,28-08-2023 16:17,28-08-2023 17:45,Cancelled,1384.54,Credit Card,1.2,88,9.24
1457,357,4,07-08-2023 08:44,07-08-2023 10:00,Delivered,285.24,Cash,2.26,76,29.68
1458,495,7,08-01-2025 16:30,08-01-2025 17:01,Cancelled,258.49,UPI,4.47,31,1.61
1459,466,106,08-05-2024 00:48,08-05-2024 01:20,Delivered,2691.07,Credit Card,0.53,32,2.1
1460,140,105,23-08-2023 21:48,23-08-2023 22:28,Cancelled,540.59,Cash,4.1,40,29.04
1461,17,82,29-10-2024 17:15,29-10-2024 18:25,Cancelled,2892.17,UPI,2.69,70,35.69
1462,482,31,13-09-2023 00:21,13-09-2023 01:12,Delivered,1738.78,UPI,2.65,51,44.06
1463,208,132,07-09-2023 07:40,07-09-2023 08:49,Pending,4674.18,UPI,1.76,69,12.64
1464,403,159,07-08-2023 04:08,07-08-2023 05:02,Pending,4186.3,UPI,0.12,54,7
1465,72,161,30-11-2024 05:53,30-11-2024 06:31,Delivered,2294.6,Credit Card,1.71,38,24.31
1466,236,89,14-11-2024 14:47,14-11-2024 16:02,Cancelled,4477.16,Credit Card,3.03,75,10.37
1467,500,67,24-08-2023 20:34,24-08-2023 21:47,Delivered,4138.04,UPI,1.74,73,9.33
1468,17,52,19-12-2023 09:37,19-12-2023 10:52,Delivered,2834.47,UPI,0.05,75,0.22
1469,11,79,14-10-2024 01:17,14-10-2024 02:35,Pending,2280.25,Cash,2.87,78,44.62
1470,350,85,09-06-2025 05:05,09-06-2025 06:13,Delivered,4043.41,Cash,0.54,68,27.68
1471,247,25,14-03-2025 13:24,14-03-2025 14:10,Pending,248.93,UPI,1.36,46,34.58
1472,406,138,11-03-2025 05:39,11-03-2025 06:44,Cancelled,2945.82,Credit Card,2.7,65,39.37
1473,418,1,29-07-2024 15:35,29-07-2024 16:43,Cancelled,856.4,UPI,0.55,68,24.65
1474,360,44,04-11-2023 10:30,04-11-2023 11:46,Cancelled,3607.57,Cash,3.1,76,32.42
1475,146,195,16-11-2023 17:44,16-11-2023 18:23,Pending,1460.73,Cash,4.32,39,27.49
1476,203,148,23-10-2023 18:06,23-10-2023 19:03,Delivered,1634.88,UPI,0.74,57,24.3
1477,49,108,04-08-2024 09:07,04-08-2024 09:50,Delivered,2113.08,Credit Card,3.41,43,29.14
1478,375,181,29-09-2024 14:21,29-09-2024 15:09,Pending,2784.09,Credit Card,2.13,48,34.18
1479,377,127,27-03-2024 03:57,27-03-2024 04:59,Cancelled,4856.79,UPI,3.38,62,15.94
1480,116,128,21-08-2023 05:09,21-08-2023 05:54,Delivered,745.89,UPI,4.81,45,31.72
1481,431,144,21-06-2024 00:28,21-06-2024 01:22,Pending,4555.79,Credit Card,0.61,54,23.98
1482,165,59,07-03-2025 18:36,07-03-2025 19:43,Delivered,1088.02,UPI,3.46,67,48.48
1483,482,85,08-01-2025 19:13,08-01-2025 20:02,Delivered,3282.53,Cash,0.65,49,34.45
1484,263,161,20-08-2024 09:42,20-08-2024 11:09,Cancelled,1878.52,Cash,3.48,87,44.85
1485,388,199,27-07-2024 23:46,28-07-2024 00:30,Delivered,4768.31,Credit Card,4.98,44,29.4
1486,399,123,27-11-2023 20:39,27-11-2023 21:27,Cancelled,2122.44,UPI,2.17,48,46.98
1487,378,129,03-02-2024 08:20,03-02-2024 09:04,Cancelled,4702.06,UPI,3.94,44,22.88
1488,90,12,29-09-2024 16:39,29-09-2024 18:07,Pending,3577.87,Cash,4.96,88,30.94
1489,24,174,02-07-2024 22:41,02-07-2024 23:14,Delivered,2415.01,UPI,0.79,33,43.62
1490,44,105,20-02-2024 21:08,20-02-2024 22:31,Pending,890.7,Cash,3.38,83,2.96
1491,274,87,20-04-2024 14:12,20-04-2024 15:17,Delivered,3293.43,Credit Card,4.64,65,35.39
1492,441,30,22-06-2025 13:32,22-06-2025 14:51,Cancelled,110.23,UPI,3.23,79,35.51
1493,105,193,02-12-2023 00:41,02-12-2023 01:20,Pending,3082.01,Credit Card,3.46,39,33.01
1494,311,44,24-08-2024 08:51,24-08-2024 10:00,Pending,1519.76,UPI,0.9,69,47.92
1495,190,59,17-07-2024 10:08,17-07-2024 10:50,Cancelled,1655.15,UPI,2.4,42,46.57
1496,8,200,05-12-2024 15:28,05-12-2024 16:12,Pending,4334.49,UPI,0.26,44,42.88
1497,225,151,08-06-2025 19:17,08-06-2025 19:48,Pending,448.12,Credit Card,0.7,31,13.79
1498,251,86,14-01-2025 12:48,14-01-2025 13:33,Delivered,11.62,Cash,3.16,45,11.62
1499,56,119,14-10-2023 22:54,15-10-2023 00:05,Cancelled,4587.47,Credit Card,2.85,71,33.2
1500,276,122,29-05-2024 14:18,29-05-2024 15:02,Pending,829.05,Credit Card,3.83,44,35.92
